appid,median_forever,review_sentiment,score
730,6472,positive,5
1172470,896,positive,4
578080,5624,positive,3
1623730,2308,positive,5
440,4826,positive,5
1938090,715,positive,3
1063730,3901,positive,4
2358720,2885,positive,5
271590,5735,positive,5
550,514,positive,5
304930,327,positive,5
1599340,766,positive,4
236390,533,positive,4
2246340,3212,positive,3
553850,2359,positive,4
230410,531,positive,5
1245620,5539,positive,5
105600,2108,positive,5
2694490,2769,positive,4
431960,1011,positive,5
1086940,4800,positive,5
291550,246,positive,5
4000,1258,positive,5
1085660,493,positive,4
359550,2212,positive,5
252490,3102,positive,5
552990,300,positive,4
346110,903,positive,5
413150,1671,positive,5
242760,785,positive,5
1491000,241,positive,4
238960,477,positive,5
218620,516,positive,5
291480,177,positive,4
901583,0,positive,5
899770,2916,positive,4
340,0,positive,5
1091500,3149,positive,5
381210,1207,positive,4
990080,1645,positive,5
438100,143,positive,4
292030,911,positive,5
945360,680,positive,5
1097150,599,positive,5
49520,879,positive,5
227300,1685,positive,5
892970,1774,positive,5
739630,938,positive,5
444090,567,positive,5
1203220,507,positive,4
320,36,positive,5
70,131,positive,5
582010,3019,positive,5
227940,104,positive,4
252950,3109,positive,5
108600,887,positive,5
1966720,675,positive,5
1174180,1867,positive,5
1517290,907,negative,3
1240440,185,positive,4
648800,951,positive,5
386360,302,positive,4
444200,247,positive,4
10,183,positive,5
240,385,positive,5
3164500,1088,positive,5
755790,123,positive,4
400,173,positive,5
1222670,340,positive,5
550650,83,positive,4
322330,550,positive,5
239140,1093,positive,5
477160,351,positive,5
251570,1413,positive,5
100,28,positive,5
1665460,157,negative,3
417910,35,positive,3
433850,212,positive,3
594650,845,positive,4
814380,1596,positive,5
1116170,664,positive,5
220,322,positive,5
107410,924,positive,5
1326470,912,positive,5
219990,1008,positive,5
255710,873,positive,5
261550,5044,positive,5
8930,2702,positive,5
304050,213,positive,5
289070,1495,positive,5
377160,1940,positive,5
532210,212,positive,5
2186680,1530,positive,5
1238810,546,positive,4
3241660,585,positive,5
221100,2224,positive,4
526870,2068,positive,5
1089350,2041,negative,3
632360,1157,positive,5
1811260,5066,positive,3
204360,264,positive,5
218230,184,positive,5
72850,3040,positive,5
394360,3007,positive,5
489830,1234,positive,5
322170,438,positive,5
1446780,2477,positive,5
224260,97,positive,5
203160,465,positive,5
275850,1148,positive,5
367520,827,positive,5
301520,286,positive,4
767560,80,positive,4
2050650,1537,positive,5
466240,111,positive,4
284160,617,positive,5
278360,242,positive,5
264710,948,positive,5
80,31,positive,5
370910,271,positive,5
40,9,positive,5
275390,63,positive,5
2881650,195,positive,5
311210,1377,positive,5
333930,95,positive,5
1172620,1229,positive,5
22380,948,positive,5
250900,3274,positive,5
700330,98,positive,5
10180,487,positive,5
582660,249,positive,4
1229490,415,positive,5
1046930,377,positive,5
1426210,836,positive,5
2195250,4728,positive,3
2183900,841,positive,5
883710,774,positive,5
219640,248,positive,5
306130,1171,positive,5
244210,275,positive,5
268500,1271,positive,5
1794680,1249,positive,5
1818750,180,positive,4
242050,1343,positive,5
30,16,positive,5
236850,1402,positive,5
363970,621,positive,5
253710,50,positive,3
379720,524,positive,5
273350,127,positive,4
1782210,95,positive,5
844870,110,positive,4
601150,520,positive,5
1286830,364,positive,5
365670,257,positive,5
319630,208,positive,5
1293830,856,positive,5
1145360,992,positive,5
671860,588,positive,5
427520,3133,positive,5
221380,679,positive,5
231430,280,positive,4
813820,137,positive,4
594570,3159,positive,5
391540,346,positive,5
976730,740,positive,5
646570,1742,positive,5
588650,942,positive,5
268910,423,positive,5
439700,24,positive,3
500,137,positive,5
1118200,539,positive,5
620,484,positive,5
1551360,1408,positive,5
1049590,313,positive,4
380,0,positive,5
360,12,positive,4
779340,1629,positive,4
233450,611,positive,5
782330,626,positive,5
223710,61,positive,5
677620,238,positive,5
513710,1132,positive,4
1677740,120,positive,5
109600,383,positive,4
420,0,positive,5
397900,274,positive,4
698780,171,positive,5
435150,2400,positive,5
1100600,11597,positive,5
1604030,1505,positive,5
534380,1770,positive,4
766570,100,positive,3
548430,808,positive,5
294100,4118,positive,5
273110,81,positive,4
868270,111,positive,4
863550,237,positive,5
1237970,353,positive,5
555570,82,positive,3
10190,1273,positive,5
424840,95,positive,5
2669320,4360,negative,3
518790,369,positive,5
365590,1562,positive,4
223470,202,positive,5
241930,787,positive,5
346900,351,positive,5
3240220,335,positive,4
440900,1347,positive,4
374320,2591,positive,5
304390,676,positive,4
1868140,1009,positive,5
208090,168,positive,5
48700,1947,positive,5
2630,376,positive,5
12210,613,positive,5
1144200,715,positive,5
113400,188,positive,4
1332010,333,positive,5
206420,728,positive,5
380600,74,positive,5
225540,435,positive,5
285800,266,positive,5
286690,377,positive,5
223750,67,positive,5
1593500,1242,positive,5
386180,315,positive,4
1238840,486,positive,5
812140,2872,positive,5
1721470,62,positive,5
960090,1255,positive,5
55230,894,positive,5
262060,712,positive,5
761890,222,positive,4
2001120,924,positive,5
281990,1450,positive,5
252130,31,positive,5
211820,1028,positive,5
8190,182,positive,5
6060,186,positive,5
508440,317,positive,5
115300,0,positive,5
42910,269,positive,5
39210,3172,positive,5
1222680,435,positive,5
351940,256,positive,5
1250,274,positive,5
2623190,921,positive,5
323190,521,positive,5
1716740,2199,positive,3
813780,819,positive,5
630,174,positive,5
57300,76,positive,5
395170,253,positive,5
20920,258,positive,5
212680,650,positive,5
504370,185,positive,5
286160,509,positive,5
311690,416,positive,5
355840,63,positive,3
1145350,1544,positive,5
1366800,12061,positive,5
1196590,951,positive,5
613100,620,positive,5
1172380,753,positive,5
202970,98,positive,5
304430,222,positive,5
3590,683,positive,5
1260320,374,positive,4
33930,272,positive,5
212500,194,positive,5
457140,778,positive,5
620980,676,positive,5
1222140,660,positive,5
1817070,1364,positive,5
205100,568,positive,5
24240,208,positive,5
1506830,6343,positive,5
871720,85,positive,5
962130,875,positive,5
356190,1275,positive,5
274190,315,positive,5
234140,765,positive,5
8500,197,positive,4
552520,1399,positive,5
7670,148,positive,5
760160,142,positive,4
1203620,1182,positive,5
270880,761,positive,5
601510,222,positive,5
397540,1306,positive,5
12120,240,positive,5
236870,415,positive,5
674940,217,positive,5
884660,63,positive,4
701160,677,positive,5
1832640,150,negative,2
208650,583,positive,5
48000,112,positive,5
2379780,1111,positive,5
298110,1051,positive,5
42710,449,positive,5
200710,601,positive,5
203770,258,positive,5
1903340,1924,positive,5
244850,864,positive,5
1366540,1154,positive,5
2709570,196,positive,5
201270,0,positive,5
389730,555,positive,5
10090,828,positive,5
1259420,1030,positive,5
261640,549,positive,4
220200,761,positive,5
1142710,3242,positive,4
265630,88,positive,5
219150,252,positive,5
418460,443,positive,5
312990,85,positive,5
211500,42,positive,4
506540,90,positive,4
20900,155,positive,5
552500,415,positive,5
1057090,775,positive,5
359320,1252,positive,4
214950,2456,positive,5
9480,139,positive,4
245170,167,positive,4
207610,401,positive,5
35450,259,positive,5
285900,169,positive,5
232090,587,positive,5
42680,541,positive,5
918570,72,positive,4
1771300,3034,positive,5
447040,571,positive,5
200510,841,positive,5
361420,853,positive,5
33900,33,positive,5
209080,284,positive,5
307780,394,positive,5
335240,75,positive,5
403640,532,positive,5
99900,122,positive,5
1289310,78,positive,5
287700,1127,positive,5
460930,1394,positive,4
219740,300,positive,5
96000,307,positive,5
35720,203,positive,5
387990,737,positive,5
880940,441,positive,5
409710,225,positive,5
686810,1014,positive,5
418370,582,positive,5
50130,819,positive,5
1454400,5278,positive,5
379430,1106,positive,5
274170,322,positive,5
232770,197,positive,5
1363080,654,positive,5
585690,366,positive,4
289650,614,positive,4
17410,150,positive,5
4560,67,positive,5
2479810,1177,positive,4
233130,203,positive,5
1056960,267,negative,3
976310,486,positive,5
202990,771,positive,5
355180,44,positive,5
678950,497,positive,5
1151340,752,positive,4
299360,93,positive,4
213670,706,positive,5
262410,57,positive,5
224600,205,positive,4
368230,224,positive,5
3097560,165,positive,5
335300,1941,positive,5
233860,951,positive,5
391720,230,positive,5
240720,122,positive,5
838350,1186,positive,4
238320,159,positive,5
282070,292,positive,5
412020,537,positive,5
1158310,2304,positive,5
2567870,242,positive,5
265930,149,positive,5
214490,230,positive,5
362890,445,positive,5
438740,219,positive,5
617290,827,positive,5
588430,234,positive,5
1943950,389,positive,5
203140,452,positive,5
12100,54,positive,5
905370,338,positive,4
1056640,193,positive,4
1942280,795,positive,5
238460,269,positive,5
38400,46,positive,5
881020,1804,positive,5
65800,641,positive,5
204880,418,positive,5
235460,502,positive,5
581320,667,positive,5
34330,417,positive,5
387290,422,positive,5
728880,341,positive,5
391220,822,positive,5
8870,566,positive,5
372000,363,positive,4
239030,266,positive,5
629760,834,positive,5
646910,340,positive,4
367500,421,positive,5
13520,90,positive,5
967050,124,positive,5
2399830,1800,positive,3
648350,658,positive,5
471710,134,positive,5
1372880,0,negative,1
524220,776,positive,5
305620,415,positive,5
475150,284,positive,5
47870,228,positive,5
629520,2554,positive,5
282440,60,positive,5
436150,148,positive,4
1304930,534,positive,5
550900,156,positive,4
33230,627,positive,5
427730,87,positive,4
221040,624,positive,4
1274570,249,positive,5
1222700,350,positive,5
1468810,2448,positive,3
287390,539,positive,5
570940,1598,positive,5
1272080,845,negative,3
316010,202,positive,4
105450,385,positive,5
1167630,374,positive,5
11020,116,positive,5
12200,169,positive,5
881100,353,positive,5
1313140,788,positive,5
261570,323,positive,5
1361210,1565,positive,4
221910,146,positive,5
238090,345,positive,5
242720,47,positive,4
1250410,2936,positive,4
644930,1563,positive,5
641990,304,positive,5
1254120,129,positive,3
222880,247,positive,5
1569040,11732,positive,5
201790,338,positive,5
203290,54,positive,4
2670630,740,positive,5
286570,314,positive,3
787860,3072,positive,5
466560,446,positive,5
207140,296,positive,5
1092790,638,positive,5
431240,361,positive,5
248570,70,positive,5
107100,170,positive,5
209000,618,positive,5
24960,501,positive,5
848450,1102,positive,5
286940,132,positive,4
740130,1581,positive,5
17390,432,positive,5
530700,30,positive,3
2622380,2361,positive,4
220240,829,positive,5
1217060,1375,positive,5
1248130,3750,positive,5
437900,48,positive,5
635260,832,positive,5
259080,260,positive,5
414340,186,positive,5
42700,553,positive,5
108710,221,positive,5
55100,71,positive,4
1520470,50,positive,5
644560,331,positive,5
1263850,11274,positive,5
407530,10,positive,4
774171,174,positive,5
279720,267,positive,4
201810,651,positive,5
319510,86,positive,5
1888160,1048,positive,5
674020,216,positive,3
310950,317,positive,4
952060,457,positive,5
1466860,1206,positive,5
949230,1292,positive,3
388410,461,positive,4
1904540,11166,positive,5
544810,175,positive,4
611500,91,positive,4
50,190,positive,5
1408720,57,positive,4
310560,132,positive,5
1845910,2651,positive,4
254700,339,positive,5
1029690,671,positive,5
12220,0,positive,4
308040,190,positive,5
815370,465,positive,5
470220,234,positive,4
302830,97,positive,3
242920,790,positive,5
236110,206,positive,4
383870,233,positive,5
1399780,94,positive,5
1237950,380,positive,5
312660,456,positive,5
502500,544,positive,5
632470,361,positive,5
200260,480,positive,5
393380,944,positive,5
40800,138,positive,5
303390,330,positive,4
280,66,positive,4
783770,81,positive,4
212070,115,positive,4
110800,394,positive,5
50300,202,positive,5
41070,231,positive,5
1284210,205,positive,5
35700,206,positive,5
485510,816,positive,4
210770,143,positive,5
282140,344,positive,5
495420,625,positive,5
323580,74,positive,4
225260,256,positive,5
2835570,133,positive,5
464920,166,positive,5
493340,258,positive,5
9900,569,positive,4
7940,394,positive,5
343710,303,positive,4
504230,349,positive,5
394510,321,positive,5
265590,290,positive,4
1128810,127,positive,4
325610,1766,positive,5
1643320,2043,positive,5
204450,176,positive,5
63380,229,positive,5
268420,152,positive,4
482730,11506,positive,3
360970,269,positive,4
22370,260,positive,5
349040,477,positive,5
204100,562,positive,5
823130,61,positive,5
1184370,985,positive,5
640820,940,positive,4
47890,862,positive,5
637650,941,positive,5
703080,375,positive,5
460950,295,positive,5
35140,387,positive,5
50620,145,positive,5
337000,546,positive,4
433340,557,positive,5
238010,456,positive,5
527230,841,positive,5
39120,280,positive,4
307690,350,positive,5
2054970,1705,positive,4
266840,545,positive,5
645630,624,positive,5
1790600,944,positive,5
300,131,positive,5
368260,1563,positive,5
389570,105,positive,5
736590,41,positive,4
1637320,357,positive,5
409720,231,positive,4
975370,427,positive,5
15620,415,positive,5
1371980,686,positive,4
993090,161,positive,5
476480,369,positive,4
65930,187,positive,4
2215430,1532,positive,5
1277400,1670,positive,5
3132990,0,positive,5
606150,328,positive,5
602960,572,positive,5
342200,99,positive,5
1824220,545,positive,5
55150,287,positive,5
8980,672,positive,5
900883,0,positive,5
312530,299,positive,5
1139900,276,positive,5
1343400,99,positive,5
738060,90,positive,5
893520,167,positive,4
234650,266,positive,5
744900,51,positive,4
314160,532,positive,5
1364780,1495,positive,5
9010,73,positive,5
554620,493,positive,5
368500,936,positive,5
17470,187,positive,5
204300,267,positive,5
630100,150,positive,4
750920,775,positive,5
436520,52,positive,3
1659040,477,positive,5
788100,785,positive,5
858820,506,positive,4
680420,1574,positive,4
678960,666,positive,5
1611910,383,positive,4
206440,197,positive,5
613010,262,positive,4
424280,58,positive,5
212160,183,positive,4
1030830,531,positive,4
365450,284,positive,5
302510,243,positive,5
22330,430,positive,5
1687950,1827,positive,5
113020,128,positive,5
238370,180,positive,5
3070070,857,positive,5
977950,306,positive,5
6860,77,positive,5
1057240,68,negative,3
511470,273,positive,5
268050,251,positive,5
389430,103,positive,3
289130,371,positive,5
488790,862,positive,5
493520,408,positive,5
546560,374,positive,5
439190,303,positive,5
67370,175,positive,5
845070,70,positive,5
453480,368,positive,4
633230,499,positive,5
32370,153,positive,5
476600,408,positive,4
1404210,822,positive,5
1557740,323,positive,5
1619450,0,negative,1
683320,186,positive,5
2551020,73,positive,5
1536610,0,positive,5
386940,292,positive,5
346010,160,positive,5
924970,583,positive,4
349700,70,negative,3
208140,343,positive,5
206500,126,positive,5
57690,247,positive,5
2322010,2574,positive,5
274940,261,positive,5
412220,0,positive,5
1290000,1119,positive,5
1286680,493,positive,4
39500,235,positive,5
872790,6359,positive,5
291650,609,positive,5
17330,86,positive,5
1533390,94,positive,5
606280,545,positive,4
10500,816,positive,5
1476970,218,positive,4
1262580,327,positive,5
246620,293,positive,5
319830,33,positive,4
324800,266,positive,5
341800,133,positive,5
322500,160,positive,5
939960,899,positive,4
239820,520,positive,5
509980,239,positive,5
364360,1004,positive,4
492720,621,positive,5
12110,134,positive,5
460790,251,positive,5
627690,221,positive,4
1213210,236,positive,5
569480,521,positive,5
2021910,0,positive,5
242860,288,positive,5
239160,211,positive,4
391460,47,positive,4
636480,1063,positive,5
2100,191,positive,5
21690,541,positive,5
228280,264,positive,5
629730,527,positive,5
2420510,0,positive,5
113420,60,positive,3
706990,64,positive,4
269210,272,positive,4
304240,176,positive,5
621060,351,positive,5
48190,494,positive,5
638970,691,positive,5
24010,309,positive,4
228380,368,positive,5
327690,67,positive,4
417860,49,positive,5
1058020,148,positive,5
1262350,385,positive,5
582160,1347,positive,5
287450,310,positive,5
582500,99,positive,5
22320,149,positive,5
519860,227,positive,5
442080,116,positive,4
704270,375,positive,4
40990,65,positive,5
1627140,0,positive,3
612880,622,positive,5
638070,308,positive,4
3146520,547,positive,5
537180,100,positive,4
232890,278,positive,4
6000,88,positive,5
1049410,169,positive,5
1343370,83,positive,5
1238860,455,positive,5
961200,114,positive,4
2527500,338,positive,5
102600,166,positive,5
870780,471,positive,5
24980,1207,positive,5
312520,141,positive,5
285190,270,negative,3
202170,748,positive,5
235600,547,positive,4
34030,565,positive,5
459820,577,positive,5
47810,441,positive,5
280790,111,positive,4
1313860,6414,positive,4
2280,61,positive,5
637090,676,positive,5
690790,354,positive,5
704850,134,positive,5
424370,1173,positive,3
851850,967,positive,5
243470,637,positive,4
491950,253,positive,5
1384160,967,positive,5
2622000,269,positive,3
1061910,179,positive,5
247080,179,positive,5
392110,661,positive,5
47830,35,positive,4
214420,61,positive,4
9340,73,positive,5
438040,504,positive,5
752590,562,positive,5
736220,481,positive,4
933110,291,positive,5
24200,888,positive,5
304670,220,positive,4
228200,452,positive,5
233720,126,positive,5
1483870,282,positive,5
692850,748,positive,5
1241100,58,positive,4
15100,158,positive,5
1282100,1223,positive,5
287290,151,positive,4
1225330,4049,negative,3
4920,163,positive,5
1515950,184,positive,3
19900,138,positive,4
979690,268,positive,4
130,106,positive,5
809960,32,positive,4
232050,275,positive,4
47790,111,positive,4
253980,245,positive,4
292730,518,positive,3
774361,191,positive,5
34270,32,positive,5
4500,252,positive,5
251060,392,positive,5
32470,291,positive,5
837470,106,positive,5
834910,1244,negative,3
454650,1241,positive,5
1238820,182,positive,4
1284410,110,positive,5
323470,817,positive,5
1089980,251,positive,5
1147560,821,positive,5
214560,237,positive,5
225080,100,positive,5
237930,157,positive,5
96100,127,positive,5
113200,279,positive,5
2310,79,positive,5
599140,603,positive,5
1840,144,positive,5
65980,750,positive,4
373420,497,positive,5
1621690,981,positive,5
311860,324,positive,4
1089090,744,positive,5
942970,262,positive,5
41500,383,positive,5
1778820,2135,positive,3
17080,59,positive,5
1522820,403,positive,5
23310,148,positive,5
487220,242,positive,4
34440,146,positive,5
4570,109,positive,5
2322560,309,positive,5
2344520,2880,positive,4
10680,260,positive,5
6880,67,positive,4
216150,226,positive,4
443110,273,positive,4
378540,302,positive,4
527430,439,positive,4
753640,338,positive,5
334210,303,positive,4
206480,145,positive,4
583950,637,negative,3
921630,412,positive,3
215080,245,positive,4
65790,16,positive,4
311340,148,positive,5
535930,412,positive,5
332070,70,positive,4
414700,194,positive,5
270150,323,positive,5
292910,251,positive,5
447020,1893,positive,5
17300,138,positive,4
1282730,708,positive,5
32800,255,positive,5
102500,593,positive,5
8850,143,positive,5
899440,405,positive,4
418240,258,positive,5
207230,53,positive,4
20570,217,positive,5
17460,780,positive,5
383150,238,positive,5
224760,113,positive,5
1178830,127,positive,5
510840,327,positive,4
2012510,59,negative,3
297000,383,positive,4
1151640,926,positive,5
334230,467,positive,5
418070,211,positive,5
364470,117,positive,4
1190000,819,positive,5
601430,718,positive,5
263500,63,positive,4
4700,357,positive,5
39140,340,positive,5
675010,324,positive,5
220440,382,positive,5
240320,123,positive,4
544730,158,negative,3
337320,479,positive,5
350640,192,positive,4
2231450,258,positive,5
552100,605,positive,5
1475810,370,positive,5
427270,84,positive,4
392160,855,positive,4
346330,31,positive,4
3910,27,positive,5
1380400,0,positive,5
805550,406,positive,5
41000,198,positive,5
1284190,1311,positive,5
2064650,120,positive,4
56437,0,positive,5
585420,327,positive,5
1562430,512,positive,5
1987080,254,positive,5
666220,29,positive,5
245620,481,positive,4
529340,2378,positive,4
657200,114,positive,5
209160,326,positive,4
6850,32,positive,5
1388770,215,positive,5
603850,859,positive,5
32430,146,positive,4
253900,255,positive,5
1113000,1085,positive,5
1016920,193,positive,5
955050,59,positive,5
1929610,344,positive,5
1850570,819,positive,5
2096610,287,positive,5
446800,1280,positive,5
250400,202,positive,5
209170,481,positive,3
1211020,377,positive,5
1296830,1450,positive,5
410320,299,positive,5
261110,128,positive,4
208580,484,positive,5
775500,566,positive,5
447820,312,positive,5
1599600,583,positive,5
475550,182,positive,5
257510,384,positive,5
474960,321,positive,5
237110,292,positive,5
444640,137,positive,5
843380,125,positive,5
560130,953,positive,5
4760,223,positive,5
568220,315,positive,5
202750,113,positive,4
257350,228,positive,5
1676130,277,positive,5
34870,159,positive,4
224540,267,positive,4
816020,324,positive,4
699130,601,positive,5
681660,227,negative,2
462780,288,positive,5
34460,225,positive,5
448510,145,positive,5
1129580,1057,positive,5
1307550,459,positive,4
460920,256,positive,5
55110,80,positive,4
278080,642,positive,5
996580,278,positive,5
231060,154,positive,3
108800,197,positive,5
1094520,736,positive,5
673950,905,positive,5
747660,745,positive,5
6910,52,positive,5
239350,140,positive,5
360430,560,positive,3
215280,242,positive,4
1030840,609,positive,5
673130,68,positive,5
377300,105,positive,4
323850,122,positive,5
2552430,1144,positive,5
823500,348,positive,5
841370,4897,negative,2
204340,121,positive,5
794260,355,positive,4
299460,183,positive,4
2680010,1609,positive,5
1755910,360,positive,4
1266680,0,positive,5
265550,396,positive,4
246900,250,positive,5
253960,272,positive,4
450390,48,positive,5
920210,470,positive,5
17480,285,positive,5
249130,527,positive,5
1017180,325,positive,5
26800,107,positive,5
1515210,138,positive,5
1147550,170,positive,5
640590,59,positive,5
434650,574,positive,5
1774580,1373,positive,4
431730,771,positive,5
780310,806,positive,5
261030,565,positive,5
226840,153,positive,5
374040,473,positive,5
1328670,830,positive,5
1044720,902,positive,5
668580,506,positive,5
544750,204,positive,5
972660,451,positive,5
1150690,831,positive,5
