appid,name,developer,owners,price,initialprice,discount,ccu
730,Counter-Strike: Global Offensive,Valve,"100,000,000 .. 200,000,000",0,0,0,1013936
1172470,Apex Legends,Respawn,"100,000,000 .. 200,000,000",0,0,0,124262
578080,PUBG: BATTLEGROUNDS,PUBG Corporation,"100,000,000 .. 200,000,000",0,0,0,314682
1623730,Palworld,Pocketpair,"50,000,000 .. 100,000,000",2999,2999,0,18028
440,Team Fortress 2,Valve,"50,000,000 .. 100,000,000",0,0,0,43819
1938090,Call of Duty: Modern Warfare II,"Treyarch, Raven Software, Beenox, High Moon Studios, Activision Shanghai, Sledgehammer Games, Infinity Ward, Demonware, Toys for Bob","50,000,000 .. 100,000,000",3849,6999,45,67419
1063730,New World: Aeternum,Amazon Games,"50,000,000 .. 100,000,000",5999,5999,0,5583
2358720,Black Myth: Wukong,Game Science,"50,000,000 .. 100,000,000",5999,5999,0,15004
271590,Grand Theft Auto V Legacy,Rockstar North,"50,000,000 .. 100,000,000",0,0,0,67851
550,Left 4 Dead 2,Valve,"50,000,000 .. 100,000,000",999,999,0,25122
304930,Unturned,Smartly Dressed Games,"50,000,000 .. 100,000,000",0,0,0,10408
1599340,Lost Ark,Smilegate RPG,"50,000,000 .. 100,000,000",0,0,0,17355
236390,War Thunder,Gaijin Entertainment,"20,000,000 .. 50,000,000",0,0,0,50478
2246340,Monster Hunter Wilds,"CAPCOM Co., Ltd.","20,000,000 .. 50,000,000",6999,6999,0,12494
553850,HELLDIVERS 2,Arrowhead Game Studios,"20,000,000 .. 50,000,000",3999,3999,0,53399
230410,Warframe,Digital Extremes,"20,000,000 .. 50,000,000",0,0,0,36195
1245620,ELDEN RING,"FromSoftware, Inc.","20,000,000 .. 50,000,000",5999,5999,0,29529
105600,Terraria,Re-Logic,"20,000,000 .. 50,000,000",999,999,0,24580
2694490,Path of Exile 2,Grinding Gear Games,"20,000,000 .. 50,000,000",2999,2999,0,16727
431960,Wallpaper Engine,Wallpaper Engine Team,"20,000,000 .. 50,000,000",399,499,20,91184
1086940,Baldur's Gate 3,Larian Studios,"20,000,000 .. 50,000,000",5999,5999,0,54771
291550,Brawlhalla,Blue Mammoth Games,"20,000,000 .. 50,000,000",0,0,0,14169
4000,Garry's Mod,Facepunch Studios,"20,000,000 .. 50,000,000",499,999,50,18400
1085660,Destiny 2,Bungie,"20,000,000 .. 50,000,000",0,0,0,24619
359550,Tom Clancy's Rainbow Six Siege,Ubisoft Montreal,"20,000,000 .. 50,000,000",1999,1999,0,51847
252490,Rust,Facepunch Studios,"20,000,000 .. 50,000,000",3999,3999,0,143870
552990,World of Warships,Wargaming Group Limited,"20,000,000 .. 50,000,000",0,0,0,8518
346110,ARK: Survival Evolved,"Studio Wildcard, Instinct Games, Efecto Studios, Virtual Basement LLC","20,000,000 .. 50,000,000",989,1499,34,22170
413150,Stardew Valley,ConcernedApe,"20,000,000 .. 50,000,000",1499,1499,0,50662
242760,The Forest,Endnight Games Ltd,"20,000,000 .. 50,000,000",1999,1999,0,2892
1491000,War Robots: Frontiers,MY.GAMES,"20,000,000 .. 50,000,000",0,0,0,256
238960,Path of Exile,Grinding Gear Games,"20,000,000 .. 50,000,000",0,0,0,4694
218620,PAYDAY 2,OVERKILL - a Starbreeze Studio.,"20,000,000 .. 50,000,000",499,999,50,27254
291480,Warface: Clutch,MY.GAMES,"20,000,000 .. 50,000,000",0,0,0,270
901583,Grand Theft Auto IV: Complete Edition,"Rockstar North, Rockstar Toronto","20,000,000 .. 50,000,000",0,0,0,0
899770,Last Epoch,Eleventh Hour Games,"20,000,000 .. 50,000,000",3499,3499,0,5831
340,Half-Life 2: Lost Coast,Valve,"20,000,000 .. 50,000,000",1999,1999,0,2
1091500,Cyberpunk 2077,CD PROJEKT RED,"20,000,000 .. 50,000,000",5999,5999,0,22265
381210,Dead by Daylight,Behaviour Interactive Inc.,"20,000,000 .. 50,000,000",1999,1999,0,44886
990080,Hogwarts Legacy,Avalanche Software,"20,000,000 .. 50,000,000",5999,5999,0,5716
438100,VRChat,VRChat Inc.,"20,000,000 .. 50,000,000",0,0,0,34699
292030,The Witcher 3: Wild Hunt,CD PROJEKT RED,"20,000,000 .. 50,000,000",3999,3999,0,15893
945360,Among Us,Innersloth,"20,000,000 .. 50,000,000",299,499,40,3832
1097150,Fall Guys: Ultimate Knockout,Mediatonic,"20,000,000 .. 50,000,000",0,0,0,664
49520,Borderlands 2,"Gearbox Software, Aspyr (Mac), Aspyr (Linux)","10,000,000 .. 20,000,000",1999,1999,0,8551
227300,Euro Truck Simulator 2,SCS Software,"10,000,000 .. 20,000,000",1999,1999,0,17281
892970,Valheim,Iron Gate AB,"10,000,000 .. 20,000,000",1999,1999,0,14439
739630,Phasmophobia,Kinetic Games,"10,000,000 .. 20,000,000",1999,1999,0,9978
444090,Paladins,Evil Mojo Games,"10,000,000 .. 20,000,000",0,0,0,1028
1203220,NARAKA: BLADEPOINT,24 Entertainment,"10,000,000 .. 20,000,000",0,0,0,66954
320,Half-Life 2: Deathmatch,Valve,"10,000,000 .. 20,000,000",1999,1999,0,159
70,Half-Life,Valve,"10,000,000 .. 20,000,000",999,999,0,634
582010,Monster Hunter: World,"CAPCOM Co., Ltd.","10,000,000 .. 20,000,000",2999,2999,0,11923
227940,Heroes & Generals,TLM Partners,"10,000,000 .. 20,000,000",0,0,0,0
252950,Rocket League,Psyonix LLC,"10,000,000 .. 20,000,000",0,0,0,21106
108600,Project Zomboid,The Indie Stone,"10,000,000 .. 20,000,000",1999,1999,0,22864
1966720,Lethal Company,Zeekerss,"10,000,000 .. 20,000,000",999,999,0,6199
1174180,Red Dead Redemption 2,Rockstar Games,"10,000,000 .. 20,000,000",5999,5999,0,29885
1517290,Battlefield 2042,DICE,"10,000,000 .. 20,000,000",5999,5999,0,2774
1240440,Halo Infinite,343 Industries,"10,000,000 .. 20,000,000",0,0,0,2275
648800,Raft,Redbeet Interactive,"10,000,000 .. 20,000,000",1999,1999,0,4701
386360,SMITE,Titan Forge Games,"10,000,000 .. 20,000,000",0,0,0,1853
444200,World of Tanks Blitz,Wargaming Group Limited,"10,000,000 .. 20,000,000",0,0,0,5707
10,Counter-Strike,Valve,"10,000,000 .. 20,000,000",999,999,0,7323
240,Counter-Strike: Source,Valve,"10,000,000 .. 20,000,000",999,999,0,6187
3164500,Schedule I,TVGS,"10,000,000 .. 20,000,000",1999,1999,0,22757
755790,Ring of Elysium,Aurora Studio,"10,000,000 .. 20,000,000",0,0,0,0
400,Portal,Valve,"10,000,000 .. 20,000,000",999,999,0,638
1222670,The Sims 4,Maxis,"10,000,000 .. 20,000,000",0,0,0,25276
550650,Black Squad,"VALOFE, NS STUDIO","10,000,000 .. 20,000,000",0,0,0,212
322330,Don't Starve Together,Klei Entertainment,"10,000,000 .. 20,000,000",1499,1499,0,30542
239140,Dying Light,Techland,"10,000,000 .. 20,000,000",2499,2499,0,4953
477160,Human Fall Flat,No Brakes Games,"10,000,000 .. 20,000,000",1999,1999,0,950
251570,7 Days to Die,The Fun Pimps,"10,000,000 .. 20,000,000",4499,4499,0,17045
100,Counter-Strike: Condition Zero,Valve,"10,000,000 .. 20,000,000",999,999,0,83
1665460,eFootball,KONAMI,"10,000,000 .. 20,000,000",0,0,0,13404
417910,Street Warriors Online,Crazy Rocks Studios,"10,000,000 .. 20,000,000",199,199,0,1
433850,Z1 Battle Royale,Daybreak Game Company,"10,000,000 .. 20,000,000",0,0,0,1010
594650,Hunt: Showdown 1896,Crytek,"10,000,000 .. 20,000,000",2999,2999,0,6300
814380,Sekiro: Shadows Die Twice - GOTY Edition,"FromSoftware, Inc.","10,000,000 .. 20,000,000",5999,5999,0,6767
1116170,CyberCorp,Megame LLC,"10,000,000 .. 20,000,000",1499,1499,0,3
220,Half-Life 2,Valve,"10,000,000 .. 20,000,000",999,999,0,1555
107410,Arma 3,Bohemia Interactive,"10,000,000 .. 20,000,000",2999,2999,0,7181
1326470,Sons Of The Forest,Endnight Games Ltd,"10,000,000 .. 20,000,000",2999,2999,0,4450
219990,Grim Dawn,Crate Entertainment,"10,000,000 .. 20,000,000",2499,2499,0,2376
255710,Cities: Skylines,Colossal Order,"10,000,000 .. 20,000,000",2999,2999,0,8842
261550,Mount & Blade II: Bannerlord,TaleWorlds Entertainment,"10,000,000 .. 20,000,000",4999,4999,0,14477
8930,Sid Meier's Civilization V,"Firaxis Games, Aspyr (Mac), Aspyr (Linux)","10,000,000 .. 20,000,000",2999,2999,0,12206
304050,Trove,gamigo US Inc.,"10,000,000 .. 20,000,000",0,0,0,758
289070,Sid Meier’s Civilization VI,"Firaxis Games, Aspyr (Mac), Aspyr (Linux)","10,000,000 .. 20,000,000",5999,5999,0,25420
377160,Fallout 4,Bethesda Game Studios,"10,000,000 .. 20,000,000",1999,1999,0,11179
532210,Life is Strange 2,"DONTNOD Entertainment, Feral Interactive (Mac), Feral Interactive (Linux)","10,000,000 .. 20,000,000",3196,3196,0,153
2186680,"Warhammer 40,000: Rogue Trader",Owlcat Games,"10,000,000 .. 20,000,000",4999,4999,0,3582
1238810,Battlefield V,DICE,"10,000,000 .. 20,000,000",4999,4999,0,6327
3241660,R.E.P.O.,semiwork,"10,000,000 .. 20,000,000",999,999,0,32349
221100,DayZ,Bohemia Interactive,"10,000,000 .. 20,000,000",4999,4999,0,37066
526870,Satisfactory,Coffee Stain Studios,"10,000,000 .. 20,000,000",3999,3999,0,12596
1089350,NBA 2K20,Visual Concepts,"5,000,000 .. 10,000,000",0,0,0,221
632360,Risk of Rain 2,Hopoo Games,"5,000,000 .. 10,000,000",2499,2499,0,7902
1811260,EA SPORTS FIFA 23,EA Canada &amp; EA Romania,"5,000,000 .. 10,000,000",0,0,0,1280
204360,Castle Crashers,The Behemoth,"5,000,000 .. 10,000,000",1499,1499,0,443
218230,PlanetSide 2,Rogue Planet Games,"5,000,000 .. 10,000,000",0,0,0,496
72850,The Elder Scrolls V: Skyrim,Bethesda Game Studios,"5,000,000 .. 10,000,000",1999,1999,0,1463
394360,Hearts of Iron IV,Paradox Development Studio,"5,000,000 .. 10,000,000",4999,4999,0,32112
489830,The Elder Scrolls V: Skyrim Special Edition,Bethesda Game Studios,"5,000,000 .. 10,000,000",3999,3999,0,25085
322170,Geometry Dash,RobTop Games,"5,000,000 .. 10,000,000",249,499,50,27850
1446780,MONSTER HUNTER RISE,"CAPCOM Co., Ltd.","5,000,000 .. 10,000,000",3999,3999,0,3658
224260,No More Room in Hell,No More Room in Hell Team,"5,000,000 .. 10,000,000",0,0,0,473
203160,Tomb Raider Game of the Year,"Crystal Dynamics, Eidos-Montréal, Feral Interactive (Mac), Nixxes","5,000,000 .. 10,000,000",1999,1999,0,556
275850,No Man's Sky,Hello Games,"5,000,000 .. 10,000,000",5999,5999,0,12291
367520,Hollow Knight,Team Cherry,"5,000,000 .. 10,000,000",1499,1499,0,4912
301520,Robocraft,Freejam,"5,000,000 .. 10,000,000",0,0,0,3
767560,War Robots,MY.GAMES,"5,000,000 .. 10,000,000",0,0,0,1280
2050650,Resident Evil 4,"CAPCOM Co., Ltd.","5,000,000 .. 10,000,000",3999,3999,0,3748
466240,Deceit,World Makers,"5,000,000 .. 10,000,000",0,0,0,155
284160,BeamNG.drive,BeamNG,"5,000,000 .. 10,000,000",2499,2499,0,15863
278360,A Story About My Uncle,Gone North Games,"5,000,000 .. 10,000,000",1499,1499,0,8
264710,Subnautica,Unknown Worlds Entertainment,"5,000,000 .. 10,000,000",2999,2999,0,2719
80,Counter-Strike: Condition Zero,Valve,"5,000,000 .. 10,000,000",999,999,0,276
370910,Kathy Rain,Clifftop Games,"5,000,000 .. 10,000,000",99,999,90,10
40,Deathmatch Classic,Valve,"5,000,000 .. 10,000,000",499,499,0,7
275390,Guacamelee! Super Turbo Championship Edition,Drinkbox Studios,"5,000,000 .. 10,000,000",1499,1499,0,5
2881650,Content Warning,"Wilnyl, Philip, thePetHen, Skog, Zorro","5,000,000 .. 10,000,000",799,799,0,722
311210,Call of Duty: Black Ops III,"Treyarch, Aspyr (Mac)","5,000,000 .. 10,000,000",5999,5999,0,5414
333930,Dirty Bomb,Splash Damage,"5,000,000 .. 10,000,000",0,0,0,40
1172620,Sea of Thieves: 2025 Edition,Rare Ltd,"5,000,000 .. 10,000,000",3999,3999,0,5437
22380,Fallout: New Vegas,Obsidian Entertainment,"5,000,000 .. 10,000,000",999,999,0,3892
250900,The Binding of Isaac: Rebirth,"Nicalis, Inc., Edmund McMillen","5,000,000 .. 10,000,000",1499,1499,0,14904
700330,SCP: Secret Laboratory,Northwood Studios,"5,000,000 .. 10,000,000",0,0,0,4696
10180,Call of Duty: Modern Warfare 2 (2009),Infinity Ward,"5,000,000 .. 10,000,000",1999,1999,0,399
582660,Black Desert,Pearl Abyss,"5,000,000 .. 10,000,000",99,999,90,14345
1229490,ULTRAKILL,"Arsi ""Hakita"" Patala","5,000,000 .. 10,000,000",2499,2499,0,3122
1046930,Dota Underlords,Valve,"5,000,000 .. 10,000,000",0,0,0,1008
1426210,It Takes Two,Hazelight Studios,"5,000,000 .. 10,000,000",3999,3999,0,5018
2195250,EA SPORTS FC 24,"EA Canada, EA Romania","5,000,000 .. 10,000,000",6999,6999,0,5110
2183900,"Warhammer 40,000: Space Marine 2",Saber Interactive,"5,000,000 .. 10,000,000",1979,5999,67,6851
883710,Resident Evil 2,"CAPCOM Co., Ltd.","5,000,000 .. 10,000,000",3999,3999,0,1123
219640,Chivalry: Medieval Warfare,Torn Banner Studios,"5,000,000 .. 10,000,000",2499,2499,0,32
306130,The Elder Scrolls Online,ZeniMax Online Studios,"5,000,000 .. 10,000,000",1999,1999,0,15987
244210,Assetto Corsa,Kunos Simulazioni,"5,000,000 .. 10,000,000",1999,1999,0,8961
268500,XCOM 2,"Firaxis Games, Feral Interactive (Mac), Feral Interactive (Linux)","5,000,000 .. 10,000,000",5999,5999,0,3123
1794680,Vampire Survivors,poncle,"5,000,000 .. 10,000,000",499,499,0,2966
1818750,MultiVersus,Player First Games,"5,000,000 .. 10,000,000",0,0,0,55
242050,Assassin’s Creed IV Black Flag,Ubisoft Montreal,"5,000,000 .. 10,000,000",3999,3999,0,923
30,Day of Defeat,Valve,"5,000,000 .. 10,000,000",499,499,0,87
236850,Europa Universalis IV,"Paradox Development Studio, Paradox Tinto","5,000,000 .. 10,000,000",4999,4999,0,12445
363970,Clicker Heroes,Playsaurus,"5,000,000 .. 10,000,000",0,0,0,2019
253710,theHunter Classic,"Expansive Worlds, Avalanche Studios","5,000,000 .. 10,000,000",0,0,0,417
379720,DOOM,id Software,"5,000,000 .. 10,000,000",1999,1999,0,1590
273350,Evolve Stage 2,Turtle Rock Studios,"5,000,000 .. 10,000,000",0,0,0,9
1782210,Crab Game,Dani,"5,000,000 .. 10,000,000",0,0,0,2921
844870,KurtzPel,KOG,"5,000,000 .. 10,000,000",0,0,0,30
601150,Devil May Cry 5,"CAPCOM Co., Ltd.","5,000,000 .. 10,000,000",2999,2999,0,2248
1286830,STAR WARS: The Old Republic,Broadsword,"5,000,000 .. 10,000,000",0,0,0,6625
365670,Blender,Blender Foundation,"5,000,000 .. 10,000,000",0,0,0,9640
319630,Life is Strange - Episode 1,"DONTNOD Entertainment, Feral Interactive (Mac), Feral Interactive (Linux)","5,000,000 .. 10,000,000",0,0,0,294
1293830,Forza Horizon 4,Playground Games,"5,000,000 .. 10,000,000",0,0,0,4864
1145360,Hades,Supergiant Games,"5,000,000 .. 10,000,000",2499,2499,0,2253
671860,BattleBit Remastered,"SgtOkiDoki, Vilaskis, TheLiquidHorse","5,000,000 .. 10,000,000",1499,1499,0,568
427520,Factorio,Wube Software LTD.,"5,000,000 .. 10,000,000",3500,3500,0,16426
221380,Age of Empires II (Retired),"Skybox Labs, Hidden Path Entertainment, Ensemble Studios, Forgotten Empires","5,000,000 .. 10,000,000",1999,1999,0,2278
231430,Company of Heroes 2,"Relic Entertainment, Feral Interactive (Mac), Feral Interactive (Linux)","5,000,000 .. 10,000,000",499,1999,75,2330
813820,Realm Royale,Heroic Leap Games,"5,000,000 .. 10,000,000",0,0,0,2
594570,Total War: WARHAMMER II,"CREATIVE ASSEMBLY, Feral Interactive (Mac), Feral Interactive (Linux)","5,000,000 .. 10,000,000",5999,5999,0,1464
391540,Undertale,tobyfox,"5,000,000 .. 10,000,000",249,999,75,3331
976730,Halo: The Master Chief Collection,"343 Industries, Splash Damage, Ruffian Games, Bungie, Saber Interactive","5,000,000 .. 10,000,000",999,3999,75,3362
646570,Slay the Spire,Mega Crit,"5,000,000 .. 10,000,000",2499,2499,0,15038
588650,Dead Cells,Motion Twin,"5,000,000 .. 10,000,000",2499,2499,0,2559
268910,Cuphead,Studio MDHR Entertainment Inc.,"5,000,000 .. 10,000,000",1999,1999,0,2080
439700,Z1 Battle Royale: Test Server,Daybreak Game Company,"5,000,000 .. 10,000,000",0,0,0,1
500,Left 4 Dead,Valve,"5,000,000 .. 10,000,000",999,999,0,774
1118200,People Playground,mestiez,"5,000,000 .. 10,000,000",999,999,0,4505
620,Portal 2,Valve,"5,000,000 .. 10,000,000",999,999,0,1959
1551360,Forza Horizon 5,Playground Games,"5,000,000 .. 10,000,000",5999,5999,0,10009
1049590,Eternal Return,Nimble Neuron,"5,000,000 .. 10,000,000",0,0,0,12341
380,Half-Life 2: Episode One,Valve,"5,000,000 .. 10,000,000",1999,1999,0,18
360,Half-Life Deathmatch: Source,Valve,"5,000,000 .. 10,000,000",999,999,0,43
779340,Total War: THREE KINGDOMS,"CREATIVE ASSEMBLY, Feral Interactive (Mac), Feral Interactive (Linux)","5,000,000 .. 10,000,000",5999,5999,0,4507
233450,Prison Architect,"Introversion Software, Double Eleven","5,000,000 .. 10,000,000",2999,2999,0,781
782330,DOOM Eternal,id Software,"5,000,000 .. 10,000,000",3999,3999,0,2262
223710,Cry of Fear,Team Psykskallar,"5,000,000 .. 10,000,000",0,0,0,405
677620,Splitgate: Arena Warfare,1047 Games,"5,000,000 .. 10,000,000",0,0,0,185
513710,SCUM,Gamepires,"5,000,000 .. 10,000,000",1799,4499,60,8535
1677740,Stumble Guys,Scopely,"5,000,000 .. 10,000,000",0,0,0,2928
109600,Neverwinter,Cryptic Studios,"5,000,000 .. 10,000,000",0,0,0,665
420,Half-Life 2: Episode Two,Valve,"5,000,000 .. 10,000,000",1999,1999,0,20
397900,Business Tour - Board Game with Online Multiplayer,8Floor,"5,000,000 .. 10,000,000",0,0,0,809
698780,Doki Doki Literature Club!,Team Salvato,"5,000,000 .. 10,000,000",0,0,0,427
435150,Divinity: Original Sin 2 - Definitive Edition,Larian Studios,"5,000,000 .. 10,000,000",4499,4499,0,3510
1100600,Football Manager 2020,Sports Interactive,"5,000,000 .. 10,000,000",0,0,0,1012
1604030,V Rising,Stunlock Studios,"5,000,000 .. 10,000,000",3499,3499,0,10961
534380,Dying Light 2 Stay Human: Reloaded Edition,Techland,"5,000,000 .. 10,000,000",5999,5999,0,4223
766570,Russian Fishing 4,FishSoft LLC,"5,000,000 .. 10,000,000",0,0,0,14950
548430,Deep Rock Galactic,Ghost Ship Games,"5,000,000 .. 10,000,000",2999,2999,0,5216
294100,RimWorld,Ludeon Studios,"5,000,000 .. 10,000,000",3499,3499,0,19211
273110,Counter-Strike Nexon: Studio,"Valve, NEXON","5,000,000 .. 10,000,000",0,0,0,369
868270,The Cycle: Frontier,YAGER,"5,000,000 .. 10,000,000",0,0,0,2
863550,HITMAN 2,IO Interactive A/S,"5,000,000 .. 10,000,000",0,0,0,187
1237970,Titanfall 2,Respawn Entertainment,"5,000,000 .. 10,000,000",2999,2999,0,1173
555570,Infestation: The New Z,Fredaikis AB,"5,000,000 .. 10,000,000",0,0,0,70
10190,Call of Duty: Modern Warfare 2 (2009),Infinity Ward,"5,000,000 .. 10,000,000",1999,1999,0,190
424840,Little Nightmares,Tarsier Studios,"5,000,000 .. 10,000,000",1999,1999,0,222
2669320,EA SPORTS FC 25,"EA Canada, EA Romania","5,000,000 .. 10,000,000",6999,6999,0,42032
518790,theHunter: Call of the Wild,Expansive Worlds,"5,000,000 .. 10,000,000",1999,1999,0,2207
365590,Tom Clancy’s The Division,Massive Entertainment,"5,000,000 .. 10,000,000",299,2999,90,774
223470,POSTAL 2,Running With Scissors,"5,000,000 .. 10,000,000",999,999,0,320
241930,Middle-earth: Shadow of Mordor,Monolith Productions,"5,000,000 .. 10,000,000",1999,1999,0,441
346900,AdVenture Capitalist,Hyper Hippo Games,"5,000,000 .. 10,000,000",0,0,0,1109
3240220,Grand Theft Auto V Enhanced,Rockstar North,"5,000,000 .. 10,000,000",2999,2999,0,39502
440900,Conan Exiles,Funcom,"5,000,000 .. 10,000,000",3999,3999,0,5677
374320,DARK SOULS III,"FromSoftware, Inc.","5,000,000 .. 10,000,000",5999,5999,0,4381
304390,FOR HONOR,"Ubisoft Montreal, Ubisoft Quebec, Ubisoft Toronto, Blue Byte","5,000,000 .. 10,000,000",149,2999,95,2146
1868140,DAVE THE DIVER,MINTROCKET,"5,000,000 .. 10,000,000",1999,1999,0,3367
208090,Loadout,Edge of Reality,"5,000,000 .. 10,000,000",0,0,0,1
48700,Mount & Blade: Warband,TaleWorlds Entertainment,"5,000,000 .. 10,000,000",1999,1999,0,3055
2630,Call of Duty 2,Infinity Ward,"5,000,000 .. 10,000,000",1999,1999,0,162
12210,Grand Theft Auto IV: The Complete Edition,"Rockstar North, Rockstar Toronto","5,000,000 .. 10,000,000",1999,1999,0,2122
1144200,Ready or Not,VOID Interactive,"5,000,000 .. 10,000,000",4999,4999,0,4296
113400,APB Reloaded,Little Orbit,"5,000,000 .. 10,000,000",0,0,0,111
1332010,Stray,BlueTwelve Studio,"5,000,000 .. 10,000,000",1799,2999,40,498
206420,Saints Row IV: Re-Elected,Deep Silver Volition,"5,000,000 .. 10,000,000",1999,1999,0,117
380600,Fishing Planet,Fishing Planet LLC,"5,000,000 .. 10,000,000",0,0,0,2781
225540,Just Cause 3,Avalanche Studios,"5,000,000 .. 10,000,000",1999,1999,0,639
285800,Braveland,Tortuga Team,"5,000,000 .. 10,000,000",999,999,0,1
286690,Metro 2033 Redux,4A Games,"5,000,000 .. 10,000,000",1999,1999,0,1208
223750,DCS World Steam Edition,Eagle Dynamics SA,"5,000,000 .. 10,000,000",0,0,0,636
1593500,God of War,"Santa Monica Studio, Jetpack Interactive","5,000,000 .. 10,000,000",4999,4999,0,1380
386180,Crossout,Targem Games,"5,000,000 .. 10,000,000",0,0,0,2231
1238840,Battlefield 1,DICE,"5,000,000 .. 10,000,000",3999,3999,0,6308
812140,Assassin's Creed Odyssey,"Ubisoft Quebec, Ubisoft Montreal, Ubisoft Bucharest, Ubisoft Singapore, Ubisoft Montpellier, Ubisoft Kiev, Ubisoft Shanghai","5,000,000 .. 10,000,000",1199,5999,80,2629
1721470,Poppy Playtime,Mob Entertainment,"5,000,000 .. 10,000,000",0,0,0,588
960090,Bloons TD 6,Ninja Kiwi,"2,000,000 .. 5,000,000",1399,1399,0,7489
55230,Saints Row: The Third,Volition,"2,000,000 .. 5,000,000",999,999,0,163
262060,Darkest Dungeon,Red Hook Studios,"2,000,000 .. 5,000,000",2499,2499,0,3848
761890,Albion Online,Sandbox Interactive GmbH,"2,000,000 .. 5,000,000",0,0,0,8184
2001120,Split Fiction,Hazelight Studios,"2,000,000 .. 5,000,000",4999,4999,0,5476
281990,Stellaris,Paradox Development Studio,"2,000,000 .. 5,000,000",3999,3999,0,13727
252130,Divide By Sheep,"Victor Solodilov, Denis Novikov","2,000,000 .. 5,000,000",499,499,0,0
211820,Starbound,Chucklefish,"2,000,000 .. 5,000,000",1499,1499,0,894
8190,Just Cause 2,Avalanche Studios,"2,000,000 .. 5,000,000",1499,1499,0,90
6060,"STAR WARS Battlefront II (Classic, 2005)",Pandemic Studios,"2,000,000 .. 5,000,000",999,999,0,323
508440,Totally Accurate Battle Simulator,Landfall,"2,000,000 .. 5,000,000",1999,1999,0,1299
115300,Call of Duty: Modern Warfare 3 (2011),"Infinity Ward, Sledgehammer Games","2,000,000 .. 5,000,000",3999,3999,0,0
42910,Magicka,Arrowhead Game Studios,"2,000,000 .. 5,000,000",999,999,0,18
39210,FINAL FANTASY XIV Online,Square Enix,"2,000,000 .. 5,000,000",1999,1999,0,19824
1222680,Need for Speed Heat,Ghost Games,"2,000,000 .. 5,000,000",6999,6999,0,1385
351940,The Descendant,Gaming Corps AB,"2,000,000 .. 5,000,000",1499,1499,0,15
1250,Killing Floor,Tripwire Interactive,"2,000,000 .. 5,000,000",1999,1999,0,224
2623190,The Elder Scrolls IV: Oblivion Remastered,"Bethesda Game Studios, Virtuos","2,000,000 .. 5,000,000",4999,4999,0,14420
323190,Frostpunk,11 bit studios,"2,000,000 .. 5,000,000",2999,2999,0,1699
1716740,Starfield,Bethesda Game Studios,"2,000,000 .. 5,000,000",6999,6999,0,3725
813780,Age of Empires II: Definitive Edition,"World's Edge, Forgotten Empires, CaptureAge, Tantalus Media, Wicked Witch","2,000,000 .. 5,000,000",3499,3499,0,13465
630,Alien Swarm,Valve,"2,000,000 .. 5,000,000",0,0,0,23
57300,Amnesia: The Dark Descent,Frictional Games,"2,000,000 .. 5,000,000",1999,1999,0,60
395170,DISTRAINT: Deluxe Edition,Jesse Makkonen,"2,000,000 .. 5,000,000",69,499,86,3
20920,The Witcher 2: Assassins of Kings Enhanced Edition,CD PROJEKT RED,"2,000,000 .. 5,000,000",1999,1999,0,479
212680,FTL: Faster Than Light,Subset Games,"2,000,000 .. 5,000,000",999,999,0,1566
504370,Battlerite,Stunlock Studios,"2,000,000 .. 5,000,000",0,0,0,103
286160,Tabletop Simulator,Berserk Games,"2,000,000 .. 5,000,000",1999,1999,0,5021
311690,Enter the Gungeon,Dodge Roll,"2,000,000 .. 5,000,000",1499,1499,0,1165
355840,Survarium,Vostok Games,"2,000,000 .. 5,000,000",0,0,0,0
1145350,Hades II,Supergiant Games,"2,000,000 .. 5,000,000",2999,2999,0,1838
1366800,Crosshair X,CenterPoint Gaming,"2,000,000 .. 5,000,000",499,499,0,41428
1196590,Resident Evil Village,"CAPCOM Co., Ltd.","2,000,000 .. 5,000,000",3999,3999,0,1284
613100,House Flipper,Empyrean,"2,000,000 .. 5,000,000",2499,2499,0,1311
1172380,STAR WARS Jedi: Fallen Order,Respawn Entertainment,"2,000,000 .. 5,000,000",3999,3999,0,1354
202970,Call of Duty: Black Ops II,Treyarch,"2,000,000 .. 5,000,000",5999,5999,0,238
304430,INSIDE,Playdead,"2,000,000 .. 5,000,000",249,2499,90,129
3590,Plants vs. Zombies GOTY Edition,"PopCap Games, Inc.","2,000,000 .. 5,000,000",499,499,0,2656
1260320,Party Animals,Recreate Games,"2,000,000 .. 5,000,000",1999,1999,0,3070
33930,Arma 2: Operation Arrowhead,Bohemia Interactive,"2,000,000 .. 5,000,000",1999,1999,0,113
212500,The Lord of the Rings Online,Standing Stone Games,"2,000,000 .. 5,000,000",0,0,0,793
457140,Oxygen Not Included,Klei Entertainment,"2,000,000 .. 5,000,000",2499,2499,0,7545
620980,Beat Saber,Beat Games,"2,000,000 .. 5,000,000",2999,2999,0,423
1222140,Detroit: Become Human,Quantic Dream,"2,000,000 .. 5,000,000",3999,3999,0,2344
1817070,Marvel’s Spider-Man Remastered,"Insomniac Games, Nixxes Software","2,000,000 .. 5,000,000",5999,5999,0,1190
205100,Dishonored,Arkane Studios,"2,000,000 .. 5,000,000",999,999,0,288
24240,PAYDAY The Heist,OVERKILL - a Starbreeze Studio.,"2,000,000 .. 5,000,000",494,1499,67,38
1506830,FIFA 22,EA Canada &amp; EA Romania,"2,000,000 .. 5,000,000",0,0,0,1319
871720,Ultimate Custom Night,Scott Cawthon,"2,000,000 .. 5,000,000",0,0,0,200
962130,Grounded,Obsidian Entertainment,"2,000,000 .. 5,000,000",3999,3999,0,2394
356190,Middle-earth: Shadow of War,Monolith Productions,"2,000,000 .. 5,000,000",4999,4999,0,1405
274190,Broforce,Free Lives,"2,000,000 .. 5,000,000",299,1499,80,283
234140,Mad Max,Avalanche Studios,"2,000,000 .. 5,000,000",1999,1999,0,563
8500,EVE Online,CCP,"2,000,000 .. 5,000,000",0,0,0,3705
552520,Far Cry 5,"Ubisoft Montreal, Red Storm, Ubisoft Shanghai, Ubisoft Toronto, Ubisoft Kiev","2,000,000 .. 5,000,000",899,5999,85,1297
7670,BioShock,"2K Boston, 2K Australia","2,000,000 .. 5,000,000",1999,1999,0,44
760160,Vampire: The Masquerade - Bloodhunt,Sharkmob AB,"2,000,000 .. 5,000,000",0,0,0,362
1203620,Enshrouded,Keen Games GmbH,"2,000,000 .. 5,000,000",2999,2999,0,10654
270880,American Truck Simulator,SCS Software,"2,000,000 .. 5,000,000",1999,1999,0,6742
601510,Yu-Gi-Oh! Duel Links,KONAMI,"2,000,000 .. 5,000,000",0,0,0,1856
397540,Borderlands 3,Gearbox Software,"2,000,000 .. 5,000,000",1599,7999,80,3164
12120,Grand Theft Auto: San Andreas,Rockstar Games,"2,000,000 .. 5,000,000",0,0,0,363
236870,HITMAN,"IO Interactive A/S, Feral Interactive (Linux), Feral Interactive (Mac)","2,000,000 .. 5,000,000",0,0,0,46
674940,Stick Fight: The Game,Landfall West,"2,000,000 .. 5,000,000",499,499,0,265
884660,CRSED: F.O.A.D.,"Darkflow Software, Matter Team","2,000,000 .. 5,000,000",0,0,0,96
701160,Kingdom Two Crowns,Stumpy,"2,000,000 .. 5,000,000",1999,1999,0,1305
1832640,Mirror 2: Project X,KAGAMI Ⅱ WORKs,"2,000,000 .. 5,000,000",199,199,0,11
208650,Batman: Arkham Knight,Rocksteady Studios,"2,000,000 .. 5,000,000",1999,1999,0,1587
48000,LIMBO,Playdead,"2,000,000 .. 5,000,000",1249,1249,0,82
2379780,Balatro,LocalThunk,"2,000,000 .. 5,000,000",1499,1499,0,17123
298110,Far Cry 4,"Ubisoft Montreal, Red Storm, Shanghai, Toronto, Kiev","2,000,000 .. 5,000,000",599,2999,80,558
42710,Call of Duty: Black Ops,Treyarch,"2,000,000 .. 5,000,000",3999,3999,0,213
200710,Torchlight II,Runic Games,"2,000,000 .. 5,000,000",1999,1999,0,268
203770,Crusader Kings II,Paradox Development Studio,"2,000,000 .. 5,000,000",0,0,0,1373
1903340,Clair Obscur: Expedition 33,Sandfall Interactive,"2,000,000 .. 5,000,000",4999,4999,0,27880
244850,Space Engineers,Keen Software House,"2,000,000 .. 5,000,000",1999,1999,0,4201
1366540,Dyson Sphere Program,Youthcat Studio,"2,000,000 .. 5,000,000",1999,1999,0,2703
2709570,Supermarket Together,DeadDevsTellNoLies,"2,000,000 .. 5,000,000",0,0,0,4704
201270,Total War: SHOGUN 2,"CREATIVE ASSEMBLY, Feral Interactive (Mac), Feral Interactive (Linux)","2,000,000 .. 5,000,000",2999,2999,0,0
389730,TEKKEN 7,BANDAI NAMCO Studios Inc.,"2,000,000 .. 5,000,000",3999,3999,0,599
10090,Call of Duty: World at War,Treyarch,"2,000,000 .. 5,000,000",1999,1999,0,433
1259420,Days Gone,Bend Studio,"2,000,000 .. 5,000,000",3999,3999,0,1600
261640,Borderlands: The Pre-Sequel,"2K Australia, Gearbox Software, Aspyr (Linux)","2,000,000 .. 5,000,000",3999,3999,0,437
220200,Kerbal Space Program,Squad,"2,000,000 .. 5,000,000",3999,3999,0,1844
1142710,Total War: WARHAMMER III,"CREATIVE ASSEMBLY, Feral Interactive","2,000,000 .. 5,000,000",5999,5999,0,16842
265630,Fistful of Frags,Fistful of Frags Team,"2,000,000 .. 5,000,000",0,0,0,53
219150,Hotline Miami,Dennaton Games,"2,000,000 .. 5,000,000",999,999,0,404
418460,Rising Storm 2: Vietnam,"Antimatter Games, Tripwire Interactive","2,000,000 .. 5,000,000",2499,2499,0,449
312990,The Expendabros,Free Lives,"2,000,000 .. 5,000,000",0,0,0,20
211500,RaceRoom Racing Experience,KW Studios,"2,000,000 .. 5,000,000",0,0,0,431
506540,Last Man Standing,"Free Reign Entertainment, Free Reign Entertainment","2,000,000 .. 5,000,000",0,0,0,0
20900,The Witcher: Enhanced Edition Director's Cut,CD PROJEKT RED,"2,000,000 .. 5,000,000",999,999,0,616
552500,Warhammer: Vermintide 2,Fatshark,"2,000,000 .. 5,000,000",2999,2999,0,2124
1057090,Ori and the Will of the Wisps,Moon Studios GmbH,"2,000,000 .. 5,000,000",2999,2999,0,697
359320,Elite Dangerous,Frontier Developments,"2,000,000 .. 5,000,000",599,1999,70,4845
214950,Total War: ROME II - Emperor Edition,"CREATIVE ASSEMBLY, Feral Interactive","2,000,000 .. 5,000,000",5999,5999,0,3901
9480,Saints Row 2,Volition,"2,000,000 .. 5,000,000",999,999,0,95
245170,Skullgirls 2nd Encore,Hidden Variable Studios,"2,000,000 .. 5,000,000",2499,2499,0,112
207610,The Walking Dead,Telltale Games,"2,000,000 .. 5,000,000",1499,1499,0,614
35450,Red Orchestra 2: Heroes of Stalingrad with Rising Storm,Tripwire Interactive,"2,000,000 .. 5,000,000",1999,1999,0,92
285900,Gang Beasts,"Boneloaf, Rocket Science","2,000,000 .. 5,000,000",799,1999,60,376
232090,Killing Floor 2,Tripwire Interactive,"2,000,000 .. 5,000,000",2999,2999,0,4508
42680,Call of Duty: Modern Warfare 3 (2011),"Infinity Ward, Sledgehammer Games","2,000,000 .. 5,000,000",3999,3999,0,357
918570,Century: Age of Ashes,Playwing LTD,"2,000,000 .. 5,000,000",0,0,0,54
1771300,Kingdom Come: Deliverance II,Warhorse Studios,"2,000,000 .. 5,000,000",5999,5999,0,7073
447040,Watch_Dogs 2,Ubisoft,"2,000,000 .. 5,000,000",749,4999,85,863
200510,XCOM: Enemy Unknown,"Firaxis Games, Feral Interactive (Linux)","2,000,000 .. 5,000,000",2999,2999,0,590
361420,ASTRONEER,System Era Softworks,"2,000,000 .. 5,000,000",2999,2999,0,988
33900,Arma 2,Bohemia Interactive,"2,000,000 .. 5,000,000",1299,1299,0,0
209080,Guns of Icarus Online,Muse Games,"2,000,000 .. 5,000,000",499,499,0,16
307780,Mortal Kombat X,"NetherRealm Studios, QLOC","2,000,000 .. 5,000,000",1999,1999,0,426
335240,Transformice,Atelier 801,"2,000,000 .. 5,000,000",0,0,0,1284
403640,Dishonored 2,Arkane Studios,"2,000,000 .. 5,000,000",2999,2999,0,308
99900,Spiral Knights,Grey Havens,"2,000,000 .. 5,000,000",0,0,0,132
1289310,Helltaker,vanripper,"2,000,000 .. 5,000,000",0,0,0,75
287700,METAL GEAR SOLID V: THE PHANTOM PAIN,KONAMI,"2,000,000 .. 5,000,000",1999,1999,0,1333
460930,Tom Clancy's Ghost Recon Wildlands,"Ubisoft Paris, Ubisoft Annecy, Ubisoft Bucharest, Ubisoft Montpellier, Ubisoft Milan, Reflections, Ubisoft Belgrade","2,000,000 .. 5,000,000",999,4999,80,1441
219740,Don't Starve,Klei Entertainment,"2,000,000 .. 5,000,000",999,999,0,1472
96000,The Tiny Bang Story,Colibri Games,"2,000,000 .. 5,000,000",499,499,0,10
35720,Trine 2: Complete Story,Frozenbyte,"2,000,000 .. 5,000,000",1999,1999,0,18
387990,Scrap Mechanic,Axolot Games,"2,000,000 .. 5,000,000",1999,1999,0,909
880940,Pummel Party,Rebuilt Games,"2,000,000 .. 5,000,000",1499,1499,0,1096
409710,BioShock Remastered,"2K Boston, 2K Australia, Blind Squirrel, Feral Interactive (Mac)","2,000,000 .. 5,000,000",1999,1999,0,364
686810,Hell Let Loose,Expression Games,"2,000,000 .. 5,000,000",1249,4999,75,3380
418370,Resident Evil 7 Biohazard,"CAPCOM Co., Ltd.","2,000,000 .. 5,000,000",1999,1999,0,792
50130,Mafia II (Classic),2K Czech,"2,000,000 .. 5,000,000",2999,2999,0,207
1454400,Cookie Clicker,"Orteil, DashNet","2,000,000 .. 5,000,000",499,499,0,9583
379430,Kingdom Come: Deliverance,Warhorse Studios,"2,000,000 .. 5,000,000",2999,2999,0,2520
274170,Hotline Miami 2: Wrong Number,Dennaton Games,"2,000,000 .. 5,000,000",1499,1499,0,437
232770,POSTAL,Running With Scissors,"2,000,000 .. 5,000,000",6795,6795,0,41
1363080,Manor Lords,Slavic Magic,"2,000,000 .. 5,000,000",2599,3999,35,1977
585690,Minimalism,PixelMouse,"2,000,000 .. 5,000,000",99,99,0,49
289650,Assassin's Creed Unity,Ubisoft,"2,000,000 .. 5,000,000",749,2999,75,373
17410,Mirror's Edge,DICE,"2,000,000 .. 5,000,000",1999,1999,0,43
4560,Company of Heroes - Legacy Edition,Relic Entertainment,"2,000,000 .. 5,000,000",739,3699,80,65
2479810,Gray Zone Warfare,"MADFINGER Games, a.s.","2,000,000 .. 5,000,000",3999,3999,0,7543
233130,Shadow Warrior,Flying Wild Hog,"2,000,000 .. 5,000,000",2999,2999,0,20
1056960,Wolfenstein: Youngblood,"MachineGames, Arkane Studios","2,000,000 .. 5,000,000",1999,1999,0,38
976310,Mortal Kombat 11,"NetherRealm Studios, QLOC, Shiver","2,000,000 .. 5,000,000",4999,4999,0,1026
202990,Call of Duty: Black Ops II,Treyarch,"2,000,000 .. 5,000,000",5999,5999,0,167
355180,Codename CURE,Raptor Byte,"2,000,000 .. 5,000,000",0,0,0,12
678950,DRAGON BALL FighterZ,Arc System Works,"2,000,000 .. 5,000,000",5999,5999,0,511
1151340,Fallout 76,Bethesda Game Studios,"2,000,000 .. 5,000,000",3999,3999,0,8796
299360,Block N Load,"Toadman Interactive, Artplant","2,000,000 .. 5,000,000",0,0,0,4
213670,South Park: The Stick of Truth,Obsidian Entertainment,"2,000,000 .. 5,000,000",749,2999,75,274
262410,World of Guns: Gun Disassembly,Noble Empire Corp.,"2,000,000 .. 5,000,000",0,0,0,103
224600,Defiance,Trion Worlds,"2,000,000 .. 5,000,000",0,0,0,2
368230,Kingdom: Classic,"Noio, Licorice","2,000,000 .. 5,000,000",0,0,0,40
3097560,Liar's Bar,Curve Animation,"2,000,000 .. 5,000,000",699,699,0,605
335300,DARK SOULS II: Scholar of the First Sin,"FromSoftware, Inc.","2,000,000 .. 5,000,000",3999,3999,0,1612
233860,Kenshi,Lo-Fi Games,"2,000,000 .. 5,000,000",1199,2999,60,5412
391720,Layers of Fear (2016),Bloober Team SA,"2,000,000 .. 5,000,000",1999,1999,0,17
240720,Getting Over It with Bennett Foddy,Bennett Foddy,"2,000,000 .. 5,000,000",799,799,0,192
838350,The Scroll Of Taiwu,ConchShip Games,"2,000,000 .. 5,000,000",1999,1999,0,989
238320,Outlast,Red Barrels,"2,000,000 .. 5,000,000",1499,1499,0,215
282070,This War of Mine,11 bit studios,"2,000,000 .. 5,000,000",1999,1999,0,756
412020,Metro Exodus,4A Games,"2,000,000 .. 5,000,000",449,2999,85,702
1158310,Crusader Kings III,Paradox Development Studio,"2,000,000 .. 5,000,000",4999,4999,0,14302
2567870,Chained Together,Anegar Games,"2,000,000 .. 5,000,000",499,499,0,1154
265930,Goat Simulator,Coffee Stain Studios,"2,000,000 .. 5,000,000",999,999,0,71
214490,Alien: Isolation,"Creative Assembly, Feral Interactive (Mac), Feral Interactive (Linux)","2,000,000 .. 5,000,000",3999,3999,0,211
362890,Black Mesa,Crowbar Collective,"2,000,000 .. 5,000,000",1999,1999,0,907
438740,Friday the 13th: The Game,IllFonic,"2,000,000 .. 5,000,000",0,0,0,19
617290,Remnant: From the Ashes,Gunfire Games,"2,000,000 .. 5,000,000",3999,3999,0,429
588430,Fallout Shelter,Bethesda Game Studios,"2,000,000 .. 5,000,000",0,0,0,1001
1943950,Escape the Backrooms,"Fancy Games, Blackbird Interactive","2,000,000 .. 5,000,000",999,999,0,1756
203140,Hitman: Absolution,Io-Interactive A/S,"2,000,000 .. 5,000,000",199,1999,90,618
12100,Grand Theft Auto III,Rockstar Games,"2,000,000 .. 5,000,000",0,0,0,42
905370,Conqueror's Blade,Booming Tech,"2,000,000 .. 5,000,000",0,0,0,2
1056640,Phantasy Star Online 2,SEGA,"2,000,000 .. 5,000,000",0,0,0,1400
1942280,Brotato,Blobfish,"2,000,000 .. 5,000,000",499,499,0,6389
238460,BattleBlock Theater,The Behemoth,"2,000,000 .. 5,000,000",1499,1499,0,78
38400,Fallout: A Post Nuclear Role Playing Game,Interplay Inc.,"2,000,000 .. 5,000,000",999,999,0,89
881020,Granblue Fantasy: Relink,"Cygames, Inc.","2,000,000 .. 5,000,000",3999,3999,0,996
65800,Dungeon Defenders,Chromatic Games,"2,000,000 .. 5,000,000",1499,1499,0,284
204880,Sins of a Solar Empire: Rebellion,"Ironclad Games Corporation, Stardock Entertainment","2,000,000 .. 5,000,000",1999,1999,0,280
235460,METAL GEAR RISING: REVENGEANCE,PlatinumGames,"2,000,000 .. 5,000,000",2999,2999,0,242
581320,Insurgency: Sandstorm,New World Interactive,"2,000,000 .. 5,000,000",899,2999,70,1826
34330,Total War: SHOGUN 2,"CREATIVE ASSEMBLY, Feral Interactive (Mac), Feral Interactive (Linux)","2,000,000 .. 5,000,000",2999,2999,0,1807
387290,Ori and the Blind Forest: Definitive Edition,Moon Studios GmbH,"2,000,000 .. 5,000,000",1999,1999,0,196
728880,Overcooked! 2,"Ghost Town Games Ltd., Team17","2,000,000 .. 5,000,000",1212,4849,75,2107
391220,Rise of the Tomb Raider,"Crystal Dynamics, Eidos-Montréal, Feral Interactive (Mac), Feral Interactive (Linux), Nixxes","2,000,000 .. 5,000,000",2999,2999,0,777
8870,BioShock Infinite,"Irrational Games, Virtual Programming (Linux)","2,000,000 .. 5,000,000",2999,2999,0,301
372000,Tree of Savior (English Ver.),"IMCGAMES Co.,Ltd.","2,000,000 .. 5,000,000",0,0,0,163
239030,"Papers, Please",Lucas Pope,"2,000,000 .. 5,000,000",999,999,0,416
629760,MORDHAU,Triternion,"2,000,000 .. 5,000,000",2999,2999,0,764
646910,The Crew 2,Ivory Tower,"2,000,000 .. 5,000,000",899,2999,70,873
367500,Dragon's Dogma: Dark Arisen,Capcom,"2,000,000 .. 5,000,000",2999,2999,0,329
13520,Far Cry,Crytek Studios,"2,000,000 .. 5,000,000",299,999,70,50
967050,Pacify,Shawn Hitchcock,"2,000,000 .. 5,000,000",499,499,0,77
2399830,ARK: Survival Ascended,"Studio Wildcard, Grove Street Games, Instinct Games","2,000,000 .. 5,000,000",4499,4499,0,12007
648350,Jurassic World Evolution,Frontier Developments,"2,000,000 .. 5,000,000",1124,4499,75,260
471710,Rec Room,Rec Room,"2,000,000 .. 5,000,000",0,0,0,1510
1372880,The Day Before,FNTASTIC,"2,000,000 .. 5,000,000",0,0,0,0
524220,NieR:Automata,"Square Enix, PlatinumGames Inc.","2,000,000 .. 5,000,000",3999,3999,0,690
305620,The Long Dark,Hinterland Studio Inc.,"2,000,000 .. 5,000,000",1999,1999,0,2575
475150,Titan Quest Anniversary Edition,"Iron Lore Entertainment, THQ Nordic","2,000,000 .. 5,000,000",1999,1999,0,599
47870,Need For Speed: Hot Pursuit,Criterion Games,"2,000,000 .. 5,000,000",0,0,0,19
629520,Soundpad,Leppsoft,"2,000,000 .. 5,000,000",499,499,0,15279
282440,Quake Live,id Software,"2,000,000 .. 5,000,000",999,999,0,297
436150,Governor of Poker 3,Playtika Ltd.,"2,000,000 .. 5,000,000",0,0,0,1053
1304930,The Outlast Trials,Red Barrels,"2,000,000 .. 5,000,000",3999,3999,0,3743
550900,Metin2,WEBZEN Inc.,"2,000,000 .. 5,000,000",0,0,0,0
33230,Assassin's Creed 2,Ubisoft Montreal,"2,000,000 .. 5,000,000",499,1999,75,188
427730,Who's Your Daddy?!,Evil Tortilla Games,"2,000,000 .. 5,000,000",999,999,0,75
221040,Resident Evil 6,Capcom,"2,000,000 .. 5,000,000",1999,1999,0,515
1274570,DEVOUR,Straight Back Games,"2,000,000 .. 5,000,000",999,999,0,447
1222700,A Way Out,Hazelight Studios,"2,000,000 .. 5,000,000",2999,2999,0,262
1468810,鬼谷八荒 Tale of Immortal,鬼谷工作室,"2,000,000 .. 5,000,000",1999,1999,0,4116
287390,Metro: Last Light Redux,4A Games,"2,000,000 .. 5,000,000",199,1999,90,320
570940,DARK SOULS: REMASTERED,"QLOC, FromSoftware, Inc.","2,000,000 .. 5,000,000",3999,3999,0,2879
1272080,PAYDAY 3,Starbreeze Studios,"2,000,000 .. 5,000,000",1499,2999,50,644
316010,Magic Duels,Stainless Games Ltd.,"2,000,000 .. 5,000,000",0,0,0,37
105450,Age of Empires III (2007),Ensemble Studios,"2,000,000 .. 5,000,000",0,0,0,309
1167630,Teardown,Tuxedo Labs,"2,000,000 .. 5,000,000",2999,2999,0,1984
11020,TrackMania Nations Forever,Nadeo,"2,000,000 .. 5,000,000",0,0,0,181
12200,Bully: Scholarship Edition,Rockstar New England,"2,000,000 .. 5,000,000",1499,1499,0,221
881100,Noita,Nolla Games,"2,000,000 .. 5,000,000",1999,1999,0,2019
1313140,Cult of the Lamb,Massive Monster,"2,000,000 .. 5,000,000",2499,2499,0,1535
261570,Ori and the Blind Forest,Moon Studios GmbH,"2,000,000 .. 5,000,000",0,0,0,172
1361210,"Warhammer 40,000: Darktide",Fatshark,"2,000,000 .. 5,000,000",3999,3999,0,7267
221910,The Stanley Parable,Galactic Cafe,"2,000,000 .. 5,000,000",1499,1499,0,21
238090,Sniper Elite 3,Rebellion,"2,000,000 .. 5,000,000",2999,2999,0,82
242720,GunZ 2: The Second Duel,Masangsoft,"2,000,000 .. 5,000,000",0,0,0,3
1250410,Microsoft Flight Simulator (2020) 40th Anniversary Edition,Asobo Studio,"2,000,000 .. 5,000,000",2099,5999,65,3245
644930,They Are Billions,Numantian Games,"2,000,000 .. 5,000,000",2999,2999,0,2751
641990,The Escapists 2,"Team17, Mouldy Toof Studios","2,000,000 .. 5,000,000",539,2699,80,214
1254120,Bless Unleashed,VALOFE,"2,000,000 .. 5,000,000",0,0,0,291
222880,Insurgency,New World Interactive,"2,000,000 .. 5,000,000",1499,1499,0,154
1569040,Football Manager 2022,Sports Interactive,"2,000,000 .. 5,000,000",0,0,0,1742
201790,Orcs Must Die! 2,Robot Entertainment,"2,000,000 .. 5,000,000",1499,1499,0,34
203290,America's Army: Proving Grounds,U.S. Army,"2,000,000 .. 5,000,000",0,0,0,132
2670630,Supermarket Simulator,Nokta Games,"2,000,000 .. 5,000,000",1399,1999,30,2464
286570,F1 2015,"Codemasters, Feral Interactive (Linux)","2,000,000 .. 5,000,000",0,0,0,22
787860,Farming Simulator 19,Giants Software,"2,000,000 .. 5,000,000",1799,1799,0,983
466560,Northgard: Definitive Edition,Shiro Games,"2,000,000 .. 5,000,000",3499,3499,0,1164
207140,SpeedRunners,DoubleDutch Games,"2,000,000 .. 5,000,000",1499,1499,0,195
1092790,Inscryption,Daniel Mullins Games,"2,000,000 .. 5,000,000",1999,1999,0,1301
431240,Golf With Your Friends,"Blacklight Interactive, Team17","2,000,000 .. 5,000,000",1499,1499,0,979
248570,Toribash,Nabi Studios,"2,000,000 .. 5,000,000",0,0,0,85
107100,Bastion,Supergiant Games,"2,000,000 .. 5,000,000",1499,1499,0,15
209000,Batman: Arkham Origins,"WB Games Montreal, Splash Damage","2,000,000 .. 5,000,000",1999,1999,0,616
24960,Battlefield: Bad Company 2,DICE,"2,000,000 .. 5,000,000",0,0,0,22
848450,Subnautica: Below Zero,Unknown Worlds Entertainment,"2,000,000 .. 5,000,000",2999,2999,0,698
286940,S.K.I.L.L. - Special Force 2 (Shooter),"Dragonfly GF Co., LTD","2,000,000 .. 5,000,000",0,0,0,0
740130,Tales of ARISE,Bandai Namco Studios Inc.,"2,000,000 .. 5,000,000",4999,4999,0,182
17390,SPORE,Maxis™,"2,000,000 .. 5,000,000",1999,1999,0,599
530700,Argo,Bohemia Interactive,"2,000,000 .. 5,000,000",0,0,0,1
2622380,ELDEN RING NIGHTREIGN,"FromSoftware, Inc.","2,000,000 .. 5,000,000",3999,3999,0,163599
220240,Far Cry 3,"Ubisoft Montreal, Massive Entertainment, and Ubisoft Shanghai","2,000,000 .. 5,000,000",499,1999,75,488
1217060,Gunfire Reborn,Duoyi Games,"2,000,000 .. 5,000,000",1999,1999,0,1428
1248130,Farming Simulator 22,Giants Software,"2,000,000 .. 5,000,000",1999,1999,0,5419
437900,Party Jousting,vikingfabian,"2,000,000 .. 5,000,000",0,0,0,1
635260,CarX Drift Racing Online,"CarX Technologies, LLC","2,000,000 .. 5,000,000",1499,1499,0,1658
259080,Just Cause 2: Multiplayer Mod,Avalanche Studios,"2,000,000 .. 5,000,000",0,0,0,7
414340,Hellblade: Senua's Sacrifice,Ninja Theory,"2,000,000 .. 5,000,000",2999,2999,0,73
42700,Call of Duty: Black Ops,Treyarch,"2,000,000 .. 5,000,000",3999,3999,0,527
108710,Alan Wake,Remedy Entertainment,"2,000,000 .. 5,000,000",1499,1499,0,165
55100,Homefront,"Kaos Studios, Digital Extremes","2,000,000 .. 5,000,000",1999,1999,0,12
1520470,封灵档案,（Hong Kong）GKD,"2,000,000 .. 5,000,000",0,0,0,656
644560,Mirror,KAGAMI WORKS,"2,000,000 .. 5,000,000",199,199,0,106
1263850,Football Manager 2021,Sports Interactive,"2,000,000 .. 5,000,000",0,0,0,1122
407530,ARK: Survival Of The Fittest,"Studio Wildcard, Instinct Games, Efecto Studios, Virtual Basement LLC","2,000,000 .. 5,000,000",449,1499,70,43
774171,Muse Dash,peropero,"2,000,000 .. 5,000,000",299,299,0,672
279720,The I of the Dragon,Primal,"2,000,000 .. 5,000,000",799,799,0,1
201810,Wolfenstein: The New Order,MachineGames,"2,000,000 .. 5,000,000",1999,1999,0,417
319510,Five Nights at Freddy's,Scott Cawthon,"2,000,000 .. 5,000,000",499,499,0,118
1888160,ARMORED CORE VI FIRES OF RUBICON,"FromSoftware, Inc.","2,000,000 .. 5,000,000",5999,5999,0,1011
674020,World War 3,Wishlist Games,"2,000,000 .. 5,000,000",0,0,0,59
310950,Street Fighter V,"CAPCOM Co., Ltd.","2,000,000 .. 5,000,000",1999,1999,0,170
952060,Resident Evil 3,"CAPCOM Co., Ltd.","2,000,000 .. 5,000,000",3999,3999,0,362
1466860,Age of Empires IV: Anniversary Edition,"World's Edge, Relic Entertainment, Forgotten Empires, Climax Studios","2,000,000 .. 5,000,000",3999,3999,0,7084
949230,Cities: Skylines II,"Iceflake Studios, Colossal Order","2,000,000 .. 5,000,000",4999,4999,0,5392
388410,Darksiders II Deathinitive Edition,"Gunfire Games, Vigil Games, THQ Nordic","2,000,000 .. 5,000,000",2999,2999,0,78
1904540,Football Manager 2023,Sports Interactive,"2,000,000 .. 5,000,000",0,0,0,4178
544810,KARDS - The WWII Card Game,1939 Games,"2,000,000 .. 5,000,000",0,0,0,4796
611500,Quake Champions,id Software,"2,000,000 .. 5,000,000",0,0,0,203
50,Half-Life: Opposing Force,Gearbox Software,"2,000,000 .. 5,000,000",499,499,0,74
1408720,Krunker,FRVR,"2,000,000 .. 5,000,000",0,0,0,32
310560,DiRT Rally,"Codemasters, Feral Interactive (Linux), Feral Interactive (Mac)","2,000,000 .. 5,000,000",0,0,0,84
1845910,Dragon Age: The Veilguard,BioWare,"2,000,000 .. 5,000,000",5999,5999,0,804
254700,Resident Evil 4 (2005),Capcom,"2,000,000 .. 5,000,000",1999,1999,0,673
1029690,Sniper Elite 5,Rebellion,"2,000,000 .. 5,000,000",4999,4999,0,1538
12220,Grand Theft Auto: Episodes from Liberty City,Rockstar North / Toronto,"2,000,000 .. 5,000,000",0,0,0,0
308040,Back to Bed,Bedtime Digital Games,"2,000,000 .. 5,000,000",599,599,0,1
815370,Green Hell,Creepy Jar,"2,000,000 .. 5,000,000",279,2799,90,1656
470220,UNO,Ubisoft Entertainment,"2,000,000 .. 5,000,000",399,999,60,291
302830,BLOCKADE 3D,Novalink,"2,000,000 .. 5,000,000",0,0,0,4
242920,Banished,Shining Rock Software LLC,"2,000,000 .. 5,000,000",1999,1999,0,477
236110,Dungeon Defenders II,Chromatic Games,"2,000,000 .. 5,000,000",0,0,0,351
383870,Firewatch,Campo Santo,"2,000,000 .. 5,000,000",1999,1999,0,81
1399780,Spellbreak,"Proletariat, Inc.","2,000,000 .. 5,000,000",0,0,0,1
1237950,STAR WARS Battlefront II,DICE,"2,000,000 .. 5,000,000",3999,3999,0,9213
312660,Sniper Elite 4,Rebellion,"2,000,000 .. 5,000,000",5999,5999,0,541
502500,ACE COMBAT 7: SKIES UNKNOWN,Bandai Namco Studios Inc.,"2,000,000 .. 5,000,000",5999,5999,0,340
632470,Disco Elysium - The Final Cut,ZA/UM,"2,000,000 .. 5,000,000",999,3999,75,918
200260,Batman: Arkham City - Game of the Year Edition,Rocksteady Studios,"2,000,000 .. 5,000,000",1999,1999,0,655
393380,Squad,Offworld,"2,000,000 .. 5,000,000",4999,4999,0,9116
40800,Super Meat Boy,Team Meat,"2,000,000 .. 5,000,000",1499,1499,0,72
303390,Dead Bits,Microblast Games,"2,000,000 .. 5,000,000",49,499,90,2
280,Half-Life: Source,Valve,"2,000,000 .. 5,000,000",999,999,0,27
783770,Ironsight,"WipleGames Inc.,","2,000,000 .. 5,000,000",0,0,0,64
212070,Star Conflict,Star Gem Inc.,"2,000,000 .. 5,000,000",0,0,0,95
110800,L.A. Noire,"Team Bondi, Rockstar Leeds","2,000,000 .. 5,000,000",1999,1999,0,150
50300,Spec Ops: The Line,YAGER,"2,000,000 .. 5,000,000",0,0,0,31
41070,Serious Sam 3: BFE,Croteam,"2,000,000 .. 5,000,000",2999,2999,0,105
1284210,Guild Wars 2,ArenaNet®,"2,000,000 .. 5,000,000",0,0,0,3277
35700,Trine Enchanted Edition,Frozenbyte,"2,000,000 .. 5,000,000",1499,1499,0,16
485510,Nioh: Complete Edition,"KOEI TECMO GAMES CO., LTD.","2,000,000 .. 5,000,000",4999,4999,0,291
210770,Sanctum 2,Coffee Stain Studios,"2,000,000 .. 5,000,000",1499,1499,0,15
282140,SOMA,Frictional Games,"2,000,000 .. 5,000,000",2999,2999,0,57
495420,State of Decay 2: Juggernaut Edition,Undead Labs,"2,000,000 .. 5,000,000",2999,2999,0,1281
323580,Jotun: Valhalla Edition,Thunder Lotus,"2,000,000 .. 5,000,000",1499,1499,0,3
225260,Brutal Legend,Double Fine Productions,"2,000,000 .. 5,000,000",1499,1499,0,36
2835570,Buckshot Roulette,Mike Klubnika,"2,000,000 .. 5,000,000",299,299,0,793
464920,Surviving Mars,"Haemimont Games, Abstraction","2,000,000 .. 5,000,000",2999,2999,0,507
493340,Planet Coaster,"Frontier Developments, Aspyr (Mac)","2,000,000 .. 5,000,000",1124,4499,75,687
9900,Star Trek Online,Cryptic Studios,"2,000,000 .. 5,000,000",0,0,0,1057
7940,Call of Duty 4: Modern Warfare (2007),Infinity Ward,"2,000,000 .. 5,000,000",1999,1999,0,377
343710,Kholat,IMGN.PRO,"2,000,000 .. 5,000,000",1999,1999,0,1
504230,Celeste,"Maddy Makes Games Inc., Extremely OK Games, Ltd.","2,000,000 .. 5,000,000",1999,1999,0,1174
394510,HELLDIVERS Dive Harder Edition,Arrowhead Game Studios,"2,000,000 .. 5,000,000",1999,1999,0,209
265590,The Red Solstice,Ironward,"2,000,000 .. 5,000,000",999,999,0,5
1128810,RISK: Global Domination,SMG Studio,"2,000,000 .. 5,000,000",0,0,0,2153
325610,Total War: ATTILA,CREATIVE ASSEMBLY,"2,000,000 .. 5,000,000",4499,4499,0,1422
1643320,S.T.A.L.K.E.R. 2: Heart of Chornobyl,GSC Game World,"2,000,000 .. 5,000,000",5999,5999,0,2403
204450,Call of Juarez: Gunslinger,Techland,"2,000,000 .. 5,000,000",1499,1499,0,91
63380,Sniper Elite V2,Rebellion,"2,000,000 .. 5,000,000",0,0,0,34
268420,Aura Kingdom,X-Legend,"2,000,000 .. 5,000,000",0,0,0,1
482730,Football Manager 2017,Sports Interactive,"2,000,000 .. 5,000,000",0,0,0,388
360970,Heaven Forest NIGHTS,Fabio Ferrara,"2,000,000 .. 5,000,000",99,99,0,0
22370,Fallout 3: Game of the Year Edition,Bethesda Game Studios,"2,000,000 .. 5,000,000",1999,1999,0,318
349040,NARUTO SHIPPUDEN: Ultimate Ninja STORM 4,CyberConnect2 Co. Ltd.,"2,000,000 .. 5,000,000",1999,1999,0,384
204100,Max Payne 3,Rockstar Studios,"2,000,000 .. 5,000,000",1999,1999,0,197
823130,Totally Accurate Battlegrounds,Landfall,"2,000,000 .. 5,000,000",0,0,0,121
1184370,Pathfinder: Wrath of the Righteous - Enhanced Edition,Owlcat Games,"2,000,000 .. 5,000,000",1999,1999,0,1874
640820,Pathfinder: Kingmaker — Enhanced Plus Edition,Owlcat Games,"2,000,000 .. 5,000,000",1999,1999,0,590
47890,The Sims 3,"The Sims Studio, Maxis","2,000,000 .. 5,000,000",1999,1999,0,1264
637650,FINAL FANTASY XV WINDOWS EDITION,Square Enix,"2,000,000 .. 5,000,000",3499,3499,0,339
703080,Planet Zoo,Frontier Developments,"2,000,000 .. 5,000,000",1349,4499,70,2497
460950,Katana ZERO,Askiisoft,"2,000,000 .. 5,000,000",1499,1499,0,82
35140,Batman: Arkham Asylum Game of the Year Edition,Rocksteady Studios,"2,000,000 .. 5,000,000",1999,1999,0,601
50620,Darksiders,Vigil Games,"2,000,000 .. 5,000,000",1999,1999,0,9
337000,Deus Ex: Mankind Divided,"Eidos Montreal, Feral Interactive (Linux/Mac)","2,000,000 .. 5,000,000",2999,2999,0,205
433340,Slime Rancher,Monomi Park,"2,000,000 .. 5,000,000",499,1999,75,858
238010,Deus Ex: Human Revolution - Director's Cut,Eidos Montreal,"2,000,000 .. 5,000,000",1999,1999,0,193
527230,For The King,IronOak Games,"2,000,000 .. 5,000,000",1999,1999,0,428
39120,RIFT,gamigo US Inc.,"2,000,000 .. 5,000,000",0,0,0,139
307690,Sleeping Dogs: Definitive Edition,"United Front Games, Feral Interactive (Mac)","2,000,000 .. 5,000,000",1999,1999,0,524
2054970,Dragon's Dogma 2,"CAPCOM Co., Ltd.","2,000,000 .. 5,000,000",6999,6999,0,768
266840,Age of Mythology: Extended Edition,"SkyBox Labs, Ensemble Studios, Forgotten Empires","2,000,000 .. 5,000,000",2999,2999,0,804
645630,Car Mechanic Simulator 2018,Red Dot Games,"2,000,000 .. 5,000,000",199,1999,90,202
1790600,DRAGON BALL: Sparking! ZERO,"Spike Chunsoft Co., Ltd.","2,000,000 .. 5,000,000",6999,6999,0,949
300,Day of Defeat: Source,Valve,"2,000,000 .. 5,000,000",999,999,0,238
368260,Marvel's Midnight Suns,Firaxis Games,"2,000,000 .. 5,000,000",5999,5999,0,436
389570,Mitos.is: The Game,Freakinware Studios,"2,000,000 .. 5,000,000",0,0,0,43
736590,Operation: Harsh Doorstop,Drakeling Labs,"2,000,000 .. 5,000,000",0,0,0,119
1637320,Dome Keeper,Bippinbits,"2,000,000 .. 5,000,000",719,1799,60,402
409720,BioShock 2 Remastered,"2K Marin, 2K China, Digital Extremes, 2K Australia, Blind Squirrel, Feral Interactive (Mac)","2,000,000 .. 5,000,000",1999,1999,0,198
975370,Dwarf Fortress,Bay 12 Games,"2,000,000 .. 5,000,000",2999,2999,0,915
15620,"Warhammer 40,000: Dawn of War II - Anniversary Edition","Relic Entertainment, Feral Interactive (Mac/Linux)","2,000,000 .. 5,000,000",999,4999,80,152
1371980,No Rest for the Wicked,Moon Studios GmbH,"2,000,000 .. 5,000,000",3999,3999,0,947
993090,Lossless Scaling,THS,"2,000,000 .. 5,000,000",699,699,0,5667
476480,Heaven Forest - VR MMO,Fabio Ferrara,"2,000,000 .. 5,000,000",99,99,0,1
65930,The Bureau: XCOM Declassified,2K Marin,"2,000,000 .. 5,000,000",1999,1999,0,15
2215430,Ghost of Tsushima DIRECTOR'S CUT,"Sucker Punch Productions, Nixxes Software","2,000,000 .. 5,000,000",5999,5999,0,2025
1277400,Monster Hunter Stories 2: Wings of Ruin,"CAPCOM Co., Ltd.","2,000,000 .. 5,000,000",3999,3999,0,118
3132990,Black Myth: Wukong Benchmark Tool,Game Science,"2,000,000 .. 5,000,000",0,0,0,59
606150,Moonlighter,Digital Sun,"2,000,000 .. 5,000,000",1999,1999,0,127
602960,Barotrauma,"FakeFish, Undertow Games","2,000,000 .. 5,000,000",3499,3499,0,2371
342200,MechWarrior Online Solaris 7,Piranha Games Inc.,"2,000,000 .. 5,000,000",0,0,0,392
1824220,Chivalry 2,Torn Banner Studios,"2,000,000 .. 5,000,000",3999,3999,0,1565
55150,"Warhammer 40,000: Space Marine - Anniversary Edition",Relic Entertainment,"2,000,000 .. 5,000,000",999,3999,75,95
8980,Borderlands Game of the Year,Gearbox Software,"2,000,000 .. 5,000,000",2999,2999,0,142
900883,The Elder Scrolls IV: Oblivion Game of the Year Edition Deluxe (2009),Bethesda Game Studios®,"2,000,000 .. 5,000,000",1999,1999,0,0
312530,Duck Game,Landon Podbielski,"2,000,000 .. 5,000,000",1299,1299,0,112
1139900,Ghostrunner,"One More Level, 3D Realms, Slipgate Ironworks™, All in! Games","2,000,000 .. 5,000,000",2999,2999,0,174
1343400,RuneScape ,Jagex Ltd,"2,000,000 .. 5,000,000",0,0,0,2496
738060,Freddy Fazbear's Pizzeria Simulator,Scott Cawthon,"2,000,000 .. 5,000,000",0,0,0,118
893520,Creative Destruction,NetEase Games,"2,000,000 .. 5,000,000",0,0,0,0
234650,Shadowrun Returns,Harebrained Schemes,"2,000,000 .. 5,000,000",1499,1499,0,31
744900,Dead Frontier 2,Creaky Corpse Ltd,"2,000,000 .. 5,000,000",0,0,0,647
314160,Microsoft Flight Simulator X: Steam Edition,Microsoft Game Studios,"2,000,000 .. 5,000,000",2499,2499,0,486
1364780,Street Fighter 6,"CAPCOM Co., Ltd.","2,000,000 .. 5,000,000",3999,3999,0,14920
9010,Return to Castle Wolfenstein,Gray Matter Studios,"2,000,000 .. 5,000,000",499,499,0,26
554620,Life is Strange: Before the Storm,"Deck Nine, Feral Interactive (Mac), Feral Interactive (Linux)","2,000,000 .. 5,000,000",1699,1699,0,35
368500,Assassin's Creed Syndicate,"Ubisoft Quebec, in collaboration with Ubisoft Annecy, Bucharest, Kiev, Montreal, Montpellier, Shanghai, Singapore, Sofia, Toronto studios","2,000,000 .. 5,000,000",749,2999,75,173
17470,Dead Space (2008),EA Redwood Shores,"2,000,000 .. 5,000,000",1999,1999,0,43
204300,Awesomenauts,Ronimo Games,"2,000,000 .. 5,000,000",1999,1999,0,83
630100,SoulWorker - Anime Action MMO,"Lion Games Co., Ltd.","2,000,000 .. 5,000,000",0,0,0,0
750920,Shadow of the Tomb Raider: Definitive Edition,"Eidos-Montréal, Crystal Dynamics, Nixxes, Feral Interactive (Mac), Feral interactive (Linux)","2,000,000 .. 5,000,000",3999,3999,0,582
436520,Line of Sight,BlackSpot Entertainment,"2,000,000 .. 5,000,000",0,0,0,9
1659040,HITMAN World of Assassination,IO Interactive A/S,"2,000,000 .. 5,000,000",299,2999,90,2637
788100,Neon Abyss,Veewo Games,"2,000,000 .. 5,000,000",1999,1999,0,161
858820,Tribes of Midgard,Norsfell,"2,000,000 .. 5,000,000",1999,1999,0,113
680420,OUTRIDERS,People Can Fly,"2,000,000 .. 5,000,000",1999,1999,0,178
678960,CODE VEIN,Bandai Namco Studios,"2,000,000 .. 5,000,000",5999,5999,0,443
1611910,"Warhammer 40,000: Chaos Gate - Daemonhunters",Complex Games,"2,000,000 .. 5,000,000",1124,4499,75,373
206440,To the Moon,Freebird Games,"2,000,000 .. 5,000,000",999,999,0,86
613010,Secret in Story,Naivus Luo,"2,000,000 .. 5,000,000",89,99,10,0
424280,Iron Snout,SnoutUp,"2,000,000 .. 5,000,000",0,0,0,13
212160,Vindictus,devCAT,"2,000,000 .. 5,000,000",0,0,0,141
1030830,Mafia II: Definitive Edition,"Hangar 13, D3T","2,000,000 .. 5,000,000",2999,2999,0,538
365450,Hacknet,Team Fractal Alligator,"2,000,000 .. 5,000,000",999,999,0,31
302510,Ryse: Son of Rome,Crytek,"2,000,000 .. 5,000,000",999,999,0,83
22330,The Elder Scrolls IV: Oblivion Game of the Year Edition (2009),Bethesda Game Studios,"2,000,000 .. 5,000,000",1499,1499,0,1156
1687950,Persona 5 Royal,ATLUS,"2,000,000 .. 5,000,000",5999,5999,0,4994
113020,Monaco: What's Yours Is Mine,Pocketwatch Games,"2,000,000 .. 5,000,000",1499,1499,0,6
238370,Magicka 2,Pieces Interactive,"2,000,000 .. 5,000,000",1499,1499,0,26
3070070,TCG Card Shop Simulator,OPNeon Games,"2,000,000 .. 5,000,000",1299,1299,0,1661
977950,A Dance of Fire and Ice,7th Beat Games,"2,000,000 .. 5,000,000",599,599,0,1870
6860,Hitman: Blood Money,Io-Interactive A/S,"2,000,000 .. 5,000,000",99,999,90,66
1057240,Crucible Beta,Relentless Studios,"2,000,000 .. 5,000,000",0,0,0,0
511470,Glass Masquerade,Onyx Lute,"2,000,000 .. 5,000,000",499,499,0,11
268050,The Evil Within,Tango Gameworks,"2,000,000 .. 5,000,000",1999,1999,0,211
389430,Knight Online,"Noah System, Mgame","2,000,000 .. 5,000,000",0,0,0,1421
289130,ENDLESS Legend,AMPLITUDE Studios,"2,000,000 .. 5,000,000",2999,2999,0,173
488790,South Park: The Fractured But Whole,Ubisoft San Francisco,"2,000,000 .. 5,000,000",899,2999,70,250
493520,GTFO,10 Chambers,"2,000,000 .. 5,000,000",1319,3999,67,307
546560,Half-Life: Alyx,Valve,"2,000,000 .. 5,000,000",5999,5999,0,202
439190,Stories: The Path of Destinies,Spearhead Games,"2,000,000 .. 5,000,000",1499,1499,0,3
67370,The Darkness II,Digital Extremes,"2,000,000 .. 5,000,000",2999,2999,0,19
845070,The Awesome Adventures of Captain Spirit,DONTNOD Entertainment,"2,000,000 .. 5,000,000",0,0,0,16
453480,Shadowverse CCG,"Cygames, Inc.","2,000,000 .. 5,000,000",0,0,0,1122
633230,NARUTO TO BORUTO: SHINOBI STRIKER,Soleil Ltd.,"2,000,000 .. 5,000,000",1999,1999,0,255
32370,STAR WARS Knights of the Old Republic,"BioWare, Aspyr (Mac)","2,000,000 .. 5,000,000",999,999,0,424
476600,Call of Duty: WWII,"Sledgehammer Games, Raven Software","2,000,000 .. 5,000,000",5999,5999,0,298
1404210,Red Dead Online,Rockstar Games,"2,000,000 .. 5,000,000",1999,1999,0,2207
1557740,ROUNDS,Landfall,"2,000,000 .. 5,000,000",599,599,0,555
1619450,Heart of a Warrior,Techworld Communication,"2,000,000 .. 5,000,000",1099,1099,0,0
683320,GRIS,Nomada Studio,"2,000,000 .. 5,000,000",1499,1499,0,67
2551020,One-armed robber,Duhndal,"2,000,000 .. 5,000,000",0,0,0,786
1536610,OpenTTD,OpenTTD,"1,000,000 .. 2,000,000",0,0,0,445
386940,Ultimate Chicken Horse,Clever Endeavour Games,"1,000,000 .. 2,000,000",1499,1499,0,350
346010,Besiege,Spiderling Studios,"1,000,000 .. 2,000,000",1499,1499,0,243
924970,Back 4 Blood,Turtle Rock Studios,"1,000,000 .. 2,000,000",5999,5999,0,1288
349700,Romero's Aftermath,Free Reign Entertainment,"1,000,000 .. 2,000,000",0,0,0,0
208140,ENDLESS Space - Definitive Edition,AMPLITUDE Studios,"1,000,000 .. 2,000,000",999,999,0,106
206500,AirMech Strike,Carbon Games,"1,000,000 .. 2,000,000",0,0,0,30
57690,Tropico 4,Haemimont Games,"1,000,000 .. 2,000,000",1499,1499,0,87
2322010,God of War Ragnarök,"Santa Monica Studio, Jetpack Interactive","1,000,000 .. 2,000,000",5999,5999,0,1591
274940,Depth,Ammobox Studios,"1,000,000 .. 2,000,000",1999,1999,0,13
412220,DDraceNetwork,DDNet Team,"1,000,000 .. 2,000,000",0,0,0,2679
1290000,PowerWash Simulator,FuturLab,"1,000,000 .. 2,000,000",2499,2499,0,2547
1286680,Tiny Tina's Wonderlands,Gearbox Software,"1,000,000 .. 2,000,000",5999,5999,0,866
39500,Gothic 3,Piranha Bytes,"1,000,000 .. 2,000,000",1999,1999,0,173
872790,Football Manager 2019,Sports Interactive,"1,000,000 .. 2,000,000",0,0,0,581
291650,Pillars of Eternity,Obsidian Entertainment,"1,000,000 .. 2,000,000",3999,3999,0,204
17330,Crysis Warhead,Crytek,"1,000,000 .. 2,000,000",1999,1999,0,5
1533390,Gorilla Tag,Another Axiom Inc.,"1,000,000 .. 2,000,000",1999,1999,0,852
606280,Darksiders III,Gunfire Games,"1,000,000 .. 2,000,000",3999,3999,0,52
10500,Total War: EMPIRE – Definitive Edition,"CREATIVE ASSEMBLY, Feral Interactive (Mac), Feral Interactive (Linux)","1,000,000 .. 2,000,000",2499,2499,0,2028
1476970,Legends of IdleOn - Idle MMO,Lavaflame2,"1,000,000 .. 2,000,000",0,0,0,11081
1262580,Need for Speed Payback,Ghost Games,"1,000,000 .. 2,000,000",2999,2999,0,204
246620,Plague Inc: Evolved,Ndemic Creations,"1,000,000 .. 2,000,000",1499,1499,0,1494
319830,AX:EL - Air XenoDawn,Alex Piola,"1,000,000 .. 2,000,000",0,0,0,4
324800,Shadow Warrior 2,Flying Wild Hog,"1,000,000 .. 2,000,000",2999,2999,0,61
341800,Keep Talking and Nobody Explodes,Steel Crate Games,"1,000,000 .. 2,000,000",1499,1499,0,148
322500,SUPERHOT,SUPERHOT Team,"1,000,000 .. 2,000,000",749,2499,70,43
939960,Far Cry New Dawn,"Ubisoft Montreal, Ubisoft Kiev, Ubisoft Shanghai","1,000,000 .. 2,000,000",799,3999,80,215
239820,Game Dev Tycoon,Greenheart Games,"1,000,000 .. 2,000,000",999,999,0,157
509980,BIGFOOT,CyberLight Game Studio,"1,000,000 .. 2,000,000",1999,1999,0,121
364360,Total War: WARHAMMER,"CREATIVE ASSEMBLY, Feral Interactive (Linux), Feral Interactive (Mac)","1,000,000 .. 2,000,000",5999,5999,0,297
492720,Tropico 6,"Limbic Entertainment, Realmforge Studios","1,000,000 .. 2,000,000",3999,3999,0,575
12110,Grand Theft Auto: Vice City,Rockstar Games,"1,000,000 .. 2,000,000",0,0,0,113
460790,Bayonetta,PlatinumGames,"1,000,000 .. 2,000,000",1999,1999,0,109
627690,Idle Champions of the Forgotten Realms,Codename Entertainment Inc.,"1,000,000 .. 2,000,000",0,0,0,3034
1213210,Command & Conquer Remastered Collection,"Petroglyph, Lemon Sky Studios","1,000,000 .. 2,000,000",1999,1999,0,564
569480,Kingdoms and Castles,"Lion Shield, LLC","1,000,000 .. 2,000,000",1499,1499,0,317
2021910,FPS Chess,Meta Fork,"1,000,000 .. 2,000,000",0,0,0,228
242860,Verdun,BlackMill Games,"1,000,000 .. 2,000,000",1999,1999,0,64
239160,Thief,"Eidos-Montréal, Feral Interactive (Mac)","1,000,000 .. 2,000,000",1999,1999,0,110
391460,WARMODE,Novalink,"1,000,000 .. 2,000,000",0,0,0,2
636480,Ravenfield,SteelRaven7,"1,000,000 .. 2,000,000",1799,1799,0,617
2100,Dark Messiah of Might & Magic,Arkane Studios,"1,000,000 .. 2,000,000",249,999,75,45
21690,Resident Evil 5,Capcom,"1,000,000 .. 2,000,000",1999,1999,0,566
228280,Baldur's Gate: Enhanced Edition,Beamdog,"1,000,000 .. 2,000,000",1999,1999,0,378
629730,Blade and Sorcery,WarpFrog,"1,000,000 .. 2,000,000",2999,2999,0,657
2420510,HoloCure - Save the Fans!,KayAnimate,"1,000,000 .. 2,000,000",0,0,0,645
113420,Fallen Earth Free2Play,Little Orbit,"1,000,000 .. 2,000,000",0,0,0,1
706990,BLOCKPOST,Skullcap Studios,"1,000,000 .. 2,000,000",0,0,0,13
269210,Hero Siege,Panic Art Studios Ltd,"1,000,000 .. 2,000,000",799,799,0,369
304240,Resident Evil,"CAPCOM Co., Ltd.","1,000,000 .. 2,000,000",1999,1999,0,186
621060,PC Building Simulator,"Claudiu Kiss, The Irregular Corporation","1,000,000 .. 2,000,000",1999,1999,0,132
48190,Assassin’s Creed Brotherhood,Ubisoft Montreal,"1,000,000 .. 2,000,000",499,1999,75,169
638970,Yakuza 0,Ryu Ga Gotoku Studio,"1,000,000 .. 2,000,000",1099,1999,45,550
24010,Train Simulator Classic,Dovetail Games,"1,000,000 .. 2,000,000",2999,2999,0,503
228380,Wreckfest,Bugbear,"1,000,000 .. 2,000,000",2999,2999,0,328
327690,Gigantic,Motiga Inc.,"1,000,000 .. 2,000,000",0,0,0,0
417860,Emily is Away,Kyle Seeley,"1,000,000 .. 2,000,000",0,0,0,9
1058020,"STAR WARS Battlefront (Classic, 2004)",Pandemic Studios,"1,000,000 .. 2,000,000",999,999,0,50
1262350,SIGNALIS,rose-engine,"1,000,000 .. 2,000,000",1999,1999,0,108
582160,Assassin's Creed Origins,Ubisoft Montreal,"1,000,000 .. 2,000,000",899,5999,85,1604
287450,Rise of Nations: Extended Edition,"SkyBox Labs, Big Huge Games","1,000,000 .. 2,000,000",1999,1999,0,522
582500,We Were Here,Total Mayhem Games,"1,000,000 .. 2,000,000",0,0,0,142
22320,The Elder Scrolls III: Morrowind Game of the Year Edition,Bethesda Game Studios,"1,000,000 .. 2,000,000",1499,1499,0,635
519860,DUSK,David Szymanski,"1,000,000 .. 2,000,000",1999,1999,0,36
442080,Riders of Icarus,"WeMade, VALOFE","1,000,000 .. 2,000,000",0,0,0,4
704270,Generation Zero,Systemic Reaction™,"1,000,000 .. 2,000,000",2499,2499,0,234
40990,Mafia,Illusion Softworks,"1,000,000 .. 2,000,000",1499,1499,0,59
1627140,Sabre Team,Krisalis Software,"1,000,000 .. 2,000,000",699,699,0,0
612880,Wolfenstein II: The New Colossus,MachineGames,"1,000,000 .. 2,000,000",3999,3999,0,290
638070,Murderous Pursuits,Blazing Griffin,"1,000,000 .. 2,000,000",999,999,0,3
3146520,WEBFISHING,lamedeveloper,"1,000,000 .. 2,000,000",499,499,0,686
537180,Digimon Masters Online,"Move Games Co., Ltd.","1,000,000 .. 2,000,000",0,0,0,236
232890,Stronghold Crusader 2,Firefly Studios,"1,000,000 .. 2,000,000",3999,3999,0,217
6000,STAR WARS Republic Commando,LucasArts,"1,000,000 .. 2,000,000",999,999,0,68
1049410,Superliminal,Pillow Castle,"1,000,000 .. 2,000,000",799,1999,60,65
1343370,Old School RuneScape,Jagex Ltd,"1,000,000 .. 2,000,000",0,0,0,1050
1238860,Battlefield 4,DICE,"1,000,000 .. 2,000,000",3999,3999,0,1153
961200,Predecessor,Omeda Studios,"1,000,000 .. 2,000,000",0,0,0,1816
2527500,MiSide,AIHASTO,"1,000,000 .. 2,000,000",1499,1499,0,631
102600,Orcs Must Die!,Robot Entertainment,"1,000,000 .. 2,000,000",999,999,0,20
870780,Control Ultimate Edition,Remedy Entertainment,"1,000,000 .. 2,000,000",3999,3999,0,648
24980,Mass Effect 2 (2010 Edition),BioWare,"1,000,000 .. 2,000,000",0,0,0,8
312520,Rain World,Videocult,"1,000,000 .. 2,000,000",749,2499,70,836
285190,"Warhammer 40,000: Dawn of War III","Relic Entertainment, Feral Interactive (Mac), Feral Interactive (Linux)","1,000,000 .. 2,000,000",799,3999,80,88
202170,Sleeping Dogs,United Front Games,"1,000,000 .. 2,000,000",0,0,0,18
235600,Tom Clancy’s Splinter Cell Blacklist,Ubisoft Toronto,"1,000,000 .. 2,000,000",499,1999,75,43
34030,Total War: NAPOLEON – Definitive Edition,"CREATIVE ASSEMBLY, Feral Interactive (Mac)","1,000,000 .. 2,000,000",2499,2499,0,929
459820,Crush Crush,Sad Panda Studios,"1,000,000 .. 2,000,000",0,0,0,892
47810,Dragon Age: Origins - Ultimate Edition,BioWare,"1,000,000 .. 2,000,000",2999,2999,0,394
280790,Creativerse,Playful Corp.,"1,000,000 .. 2,000,000",2499,2499,0,35
1313860,EA SPORTS FIFA 21,EA Canada,"1,000,000 .. 2,000,000",0,0,0,138
2280,DOOM + DOOM II,"id Software, Nightdive Studios","1,000,000 .. 2,000,000",999,999,0,345
637090,BATTLETECH,Harebrained Schemes,"1,000,000 .. 2,000,000",3999,3999,0,1446
690790,DiRT Rally 2.0,Codemasters,"1,000,000 .. 2,000,000",1999,1999,0,631
704850,Thief Simulator,Noble Muffins,"1,000,000 .. 2,000,000",199,1999,90,243
424370,Wolcen: Lords of Mayhem,WOLCEN Studio,"1,000,000 .. 2,000,000",2999,2999,0,30
851850,DRAGON BALL Z: KAKAROT,CyberConnect2 Co. Ltd.,"1,000,000 .. 2,000,000",1999,1999,0,264
243470,Watch_Dogs,Ubisoft,"1,000,000 .. 2,000,000",499,1999,75,388
491950,Orwell: Keeping an Eye On You,Osmotic Studios,"1,000,000 .. 2,000,000",999,999,0,14
1384160,GUILTY GEAR -STRIVE-,Arc System Works,"1,000,000 .. 2,000,000",3999,3999,0,2463
2622000,Astral Party ,STAR ENGINE PROJECT,"1,000,000 .. 2,000,000",0,0,0,3227
1061910,Metal: Hellsinger,The Outsiders,"1,000,000 .. 2,000,000",2999,2999,0,45
247080,Crypt of the NecroDancer,Brace Yourself Games,"1,000,000 .. 2,000,000",1499,1499,0,114
392110,ENDLESS Space 2,AMPLITUDE Studios,"1,000,000 .. 2,000,000",3999,3999,0,359
47830,Medal of Honor,Electronic Arts,"1,000,000 .. 2,000,000",1999,1999,0,1
214420,Gear Up,Doctor Entertainment AB,"1,000,000 .. 2,000,000",0,0,0,4
9340,Company of Heroes: Opposing Fronts,Relic Entertainment,"1,000,000 .. 2,000,000",399,1999,80,19
438040,Shakes and Fidget,Playa Games GmbH,"1,000,000 .. 2,000,000",0,0,0,1389
752590,A Plague Tale: Innocence,Asobo Studio,"1,000,000 .. 2,000,000",799,3999,80,145
736220,Squad 44,Offworld,"1,000,000 .. 2,000,000",1999,1999,0,143
933110,Age of Empires III: Definitive Edition,"World's Edge, Tantalus Media, Forgotten Empires","1,000,000 .. 2,000,000",0,0,0,3016
24200,DC Universe Online,Dimensional Ink Games,"1,000,000 .. 2,000,000",0,0,0,546
304670,Aeon Command,"Bat Country Games, LLC","1,000,000 .. 2,000,000",299,299,0,0
228200,Company of Heroes,Relic Entertainment,"1,000,000 .. 2,000,000",399,1999,80,864
233720,Surgeon Simulator,Bossa Studios,"1,000,000 .. 2,000,000",999,999,0,11
1483870,Draw & Guess,Acureus,"1,000,000 .. 2,000,000",299,299,0,296
692850,Bloodstained: Ritual of the Night,ArtPlay,"1,000,000 .. 2,000,000",3999,3999,0,158
1241100,POLYGON: Multiplayer Shooter,Redaster Studio,"1,000,000 .. 2,000,000",0,0,0,119
15100,Assassin's Creed: Director's Cut Edition,Ubisoft Montreal,"1,000,000 .. 2,000,000",499,1999,75,61
1282100,REMNANT II,Gunfire Games,"1,000,000 .. 2,000,000",4999,4999,0,1573
287290,Resident Evil Revelations 2,"CAPCOM Co., Ltd.","1,000,000 .. 2,000,000",1999,1999,0,141
1225330,NBA 2K21,Visual Concepts,"1,000,000 .. 2,000,000",0,0,0,148
4920,Natural Selection 2,Unknown Worlds Entertainment,"1,000,000 .. 2,000,000",499,499,0,95
1515950,Capcom Arcade Stadium,"CAPCOM Co., Ltd.","1,000,000 .. 2,000,000",5999,5999,0,32
19900,Far Cry 2,Ubisoft Montreal,"1,000,000 .. 2,000,000",299,999,70,77
979690,The Ascent,Neon Giant,"1,000,000 .. 2,000,000",2999,2999,0,211
130,Half-Life: Blue Shift,Gearbox Software,"1,000,000 .. 2,000,000",499,499,0,35
809960,Radical Heights,Boss Key Productions,"1,000,000 .. 2,000,000",0,0,0,0
232050,Eador. Masters of the Broken World,Snowbird Games,"1,000,000 .. 2,000,000",1999,1999,0,31
47790,Medal of Honor,Electronic Arts,"1,000,000 .. 2,000,000",1999,1999,0,24
253980,Enclave,Starbreeze,"1,000,000 .. 2,000,000",999,999,0,63
292730,Call of Duty: Infinite Warfare,Infinity Ward,"1,000,000 .. 2,000,000",5999,5999,0,326
774361,Blasphemous,The Game Kitchen,"1,000,000 .. 2,000,000",2499,2499,0,479
34270,SEGA Mega Drive and Genesis Classics,D3T Limited,"1,000,000 .. 2,000,000",0,0,0,22
4500,S.T.A.L.K.E.R.: Shadow of Chernobyl,GSC Game World,"1,000,000 .. 2,000,000",1999,1999,0,185
251060,Wargame: Red Dragon,Eugen Systems,"1,000,000 .. 2,000,000",2999,2999,0,434
32470,STAR WARS Empire at War - Gold Pack,Petroglyph,"1,000,000 .. 2,000,000",1999,1999,0,2818
837470,Untitled Goose Game,House House,"1,000,000 .. 2,000,000",899,1999,55,100
834910,ATLAS,"Grapeshot Games, Instinct Games","1,000,000 .. 2,000,000",2999,2999,0,468
454650,DRAGON BALL XENOVERSE 2,"QLOC, Dimps Corporation","1,000,000 .. 2,000,000",1999,1999,0,652
1238820,Battlefield 3,DICE,"1,000,000 .. 2,000,000",3999,3999,0,90
1284410,GWENT: The Witcher Card Game,CD PROJEKT RED,"1,000,000 .. 2,000,000",0,0,0,619
323470,DRAGON BALL XENOVERSE,DIMPS,"1,000,000 .. 2,000,000",3999,3999,0,63
1089980,The Henry Stickmin Collection,PuffballsUnited,"1,000,000 .. 2,000,000",599,1499,60,185
1147560,Skul: The Hero Slayer,SOUTHPAW GAMES,"1,000,000 .. 2,000,000",999,1999,50,1205
214560,Mark of the Ninja,Klei Entertainment,"1,000,000 .. 2,000,000",499,499,0,2
225080,Brothers - A Tale of Two Sons,Starbreeze Studios AB,"1,000,000 .. 2,000,000",1499,1499,0,9
237930,Transistor,Supergiant Games,"1,000,000 .. 2,000,000",1999,1999,0,10
96100,Defy Gravity Extended,Paul Fisch,"1,000,000 .. 2,000,000",55,199,72,0
113200,The Binding of Isaac,"Edmund McMillen, Florian Himsl","1,000,000 .. 2,000,000",499,499,0,213
2310,Quake,"id Software, Nightdive Studios, MachineGames","1,000,000 .. 2,000,000",999,999,0,82
599140,Graveyard Keeper,Lazy Bear Games,"1,000,000 .. 2,000,000",1999,1999,0,941
1840,Source Filmmaker,Valve,"1,000,000 .. 2,000,000",0,0,0,1047
65980,Sid Meier's Civilization: Beyond Earth,"Firaxis Games, Aspyr (Mac), Aspyr (Linux)","1,000,000 .. 2,000,000",3999,3999,0,268
373420,Divinity: Original Sin - Enhanced Edition,Larian Studios,"1,000,000 .. 2,000,000",3999,3999,0,387
1621690,Core Keeper,Pugstorm,"1,000,000 .. 2,000,000",1199,1999,40,3688
311860,Data Hacker: Initiation,New Reality Games,"1,000,000 .. 2,000,000",199,199,0,2
1089090,ONE PIECE: PIRATE WARRIORS 4,Koei Tecmo,"1,000,000 .. 2,000,000",3999,3999,0,191
942970,Unheard - Voices of Crime,NEXT Studios,"1,000,000 .. 2,000,000",699,699,0,68
41500,Torchlight,Runic Games,"1,000,000 .. 2,000,000",299,1499,80,40
1778820,TEKKEN 8,Bandai Namco Studios Inc.,"1,000,000 .. 2,000,000",5999,5999,0,4409
17080,Tribes: Ascend,Hi-Rez Studios,"1,000,000 .. 2,000,000",0,0,0,0
1522820,Orcs Must Die! 3,Robot Entertainment,"1,000,000 .. 2,000,000",2999,2999,0,161
23310,The Last Remnant,Square Enix,"1,000,000 .. 2,000,000",0,0,0,26
487220,Freebie,"Free Games Info, hyperboreanGames","1,000,000 .. 2,000,000",199,199,0,0
34440,Sid Meier's Civilization IV,Firaxis Games,"1,000,000 .. 2,000,000",1999,1999,0,1
4570,"Warhammer 40,000: Dawn of War - Anniversary Edition",Relic Entertainment,"1,000,000 .. 2,000,000",989,1499,34,76
2322560,Love Is All Around,intiny,"1,000,000 .. 2,000,000",999,999,0,71
2344520,Diablo IV,"Blizzard Entertainment, Inc.","1,000,000 .. 2,000,000",4999,4999,0,8835
10680,Aliens vs. Predator,Rebellion,"1,000,000 .. 2,000,000",1499,1499,0,49
6880,Just Cause,Avalanche Studios,"1,000,000 .. 2,000,000",699,699,0,8
216150,MapleStory,NEXON Korea Corporation,"1,000,000 .. 2,000,000",0,0,0,8092
443110,Armored Warfare,"Obsidian Entertainment, Wishlist Games","1,000,000 .. 2,000,000",0,0,0,121
378540,The Surge,Deck13,"1,000,000 .. 2,000,000",194,1499,87,92
527430,"Warhammer 40,000: Inquisitor - Martyr",NeocoreGames,"1,000,000 .. 2,000,000",4999,4999,0,208
753640,Outer Wilds,Mobius Digital,"1,000,000 .. 2,000,000",1249,2499,50,928
334210,Fortified,Siege Camp,"1,000,000 .. 2,000,000",1499,1499,0,1
206480,Dungeons & Dragons Online,Standing Stone Games,"1,000,000 .. 2,000,000",0,0,0,260
583950,Artifact,Valve,"1,000,000 .. 2,000,000",0,0,0,33
921630,音灵 INVAXION,Nanjing AQUATRAX,"1,000,000 .. 2,000,000",0,0,0,0
215080,WAKFU,Ankama Studio,"1,000,000 .. 2,000,000",0,0,0,257
65790,ARMA: Cold War Assault,Bohemia Interactive,"1,000,000 .. 2,000,000",499,499,0,10
311340,METAL GEAR SOLID V: GROUND ZEROES,KONAMI,"1,000,000 .. 2,000,000",1999,1999,0,47
535930,Two Point Hospital,Two Point Studios,"1,000,000 .. 2,000,000",2999,2999,0,518
332070,School of Dragons,"JumpStart Games, Inc.","1,000,000 .. 2,000,000",0,0,0,1
414700,Outlast 2,Red Barrels,"1,000,000 .. 2,000,000",1999,1999,0,119
270150,RUNNING WITH RIFLES,Osumia Games,"1,000,000 .. 2,000,000",1499,1499,0,165
292910,Deponia: The Complete Journey,Daedalic Entertainment,"1,000,000 .. 2,000,000",2999,2999,0,31
447020,Farming Simulator 17,GIANTS Software,"1,000,000 .. 2,000,000",1499,1499,0,221
17300,Crysis,Crytek,"1,000,000 .. 2,000,000",2999,2999,0,10
1282730,Loop Hero,Four Quarters,"1,000,000 .. 2,000,000",1499,1499,0,348
32800,Lord of the Rings: War in the North,Snowblind Studios,"1,000,000 .. 2,000,000",0,0,0,16
102500,Kingdoms of Amalur: Reckoning,"Big Huge Games, 38 Studios","1,000,000 .. 2,000,000",0,0,0,21
8850,BioShock 2,"2K Marin, 2K China, Digital Extremes, 2K Australia","1,000,000 .. 2,000,000",1999,1999,0,23
899440,GOD EATER 3,BANDAI NAMCO Studios Inc.,"1,000,000 .. 2,000,000",5999,5999,0,249
418240,Shadow Tactics: Blades of the Shogun,Mimimi Games,"1,000,000 .. 2,000,000",3999,3999,0,218
207230,ArcheBlade,CodeBrush Games,"1,000,000 .. 2,000,000",0,0,0,3
20570,"Warhammer 40,000: Dawn of War II Chaos Rising","Relic Entertainment, Feral Interactive (Mac/Linux)","1,000,000 .. 2,000,000",0,0,0,30
17460,Mass Effect (2007),BioWare,"1,000,000 .. 2,000,000",2999,2999,0,22
383150,Dead Island Definitive Edition,Techland,"1,000,000 .. 2,000,000",199,1999,90,410
224760,FEZ,Polytron Corporation,"1,000,000 .. 2,000,000",999,999,0,37
1178830,Bright Memory: Infinite,FYQD-Studio,"1,000,000 .. 2,000,000",1999,1999,0,44
510840,Evolvation,"Eric Ruts, Jacob Kooiman","1,000,000 .. 2,000,000",199,199,0,0
2012510,Stormgate,Frost Giant Studios,"1,000,000 .. 2,000,000",0,0,0,36
297000,Heroes of Might & Magic III - HD Edition,Dotemu,"1,000,000 .. 2,000,000",374,1499,75,1213
1151640,Horizon Zero Dawn Complete Edition,Guerrilla,"1,000,000 .. 2,000,000",4999,4999,0,700
334230,Town of Salem,BlankMediaGames,"1,000,000 .. 2,000,000",499,499,0,117
418070,Turbo Pug,"Space Cat Studios, SnowFlame, Back To Basics Gaming","1,000,000 .. 2,000,000",199,199,0,2
364470,The Elder Scrolls: Legends,"Sparkypants Studios, LLC","1,000,000 .. 2,000,000",0,0,0,1
1190000,Car Mechanic Simulator 2021,Red Dot Games,"1,000,000 .. 2,000,000",2499,2499,0,1343
601430,The Evil Within 2,Tango Gameworks,"1,000,000 .. 2,000,000",3999,3999,0,176
263500,Dragons and Titans,Wyrmbyte,"1,000,000 .. 2,000,000",0,0,0,1
4700,Total War: MEDIEVAL II – Definitive Edition,"CREATIVE ASSEMBLY, Feral Interactive (Mac), Feral Interactive (Linux)","1,000,000 .. 2,000,000",2499,2499,0,2814
39140,FINAL FANTASY VII,Square Enix,"1,000,000 .. 2,000,000",1199,1199,0,386
675010,MudRunner,Saber Interactive,"1,000,000 .. 2,000,000",1999,1999,0,280
220440,DmC: Devil May Cry,Ninja Theory,"1,000,000 .. 2,000,000",2999,2999,0,107
240320,Panzar,Panzar Studio,"1,000,000 .. 2,000,000",0,0,0,6
544730,Catan Universe,Client/Frontend: Endava  / Backend: SuperNimbus,"1,000,000 .. 2,000,000",0,0,0,848
337320,Paint the Town Red,South East Games,"1,000,000 .. 2,000,000",1999,1999,0,296
350640,Sherlock Holmes: The Devil's Daughter,Frogwares,"1,000,000 .. 2,000,000",299,2999,90,21
2231450,Pizza Tower,Tour De Pizza,"1,000,000 .. 2,000,000",1999,1999,0,367
552100,Brick Rigs,Fluppisoft GmbH,"1,000,000 .. 2,000,000",1999,1999,0,983
1475810,Ghostwire: Tokyo,Tango Gameworks,"1,000,000 .. 2,000,000",5999,5999,0,97
427270,Orcs Must Die! Unchained,Robot Entertainment,"1,000,000 .. 2,000,000",0,0,0,2
392160,X4: Foundations,Egosoft,"1,000,000 .. 2,000,000",4999,4999,0,2141
346330,BrainBread 2,Reperio Studios,"1,000,000 .. 2,000,000",0,0,0,6
3910,Sid Meier's Civilization III Complete,Firaxis Games,"1,000,000 .. 2,000,000",499,499,0,1383
1380400,Saving Grace,Thomas JC Ironmonger,"1,000,000 .. 2,000,000",199,199,0,0
805550,Assetto Corsa Competizione,Kunos Simulazioni,"1,000,000 .. 2,000,000",3999,3999,0,1479
41000,Serious Sam HD: The First Encounter,Croteam,"1,000,000 .. 2,000,000",1499,1499,0,46
1284190,The Planet Crafter,Miju Games,"1,000,000 .. 2,000,000",1439,2399,40,7330
2064650,Tower of Fantasy,Hotta Studio,"1,000,000 .. 2,000,000",0,0,0,354
56437,"Warhammer 40,000: Dawn of War II: Retribution","Relic Entertainment, Feral Interactive (Mac/Linux)","1,000,000 .. 2,000,000",0,0,0,0
585420,Trailmakers,Flashbulb,"1,000,000 .. 2,000,000",624,2499,75,903
1562430,DREDGE,Black Salt Games,"1,000,000 .. 2,000,000",2499,2499,0,517
1987080,Inside the Backrooms,MrFatcat,"1,000,000 .. 2,000,000",699,699,0,237
666220,CS2D,Unreal Software,"1,000,000 .. 2,000,000",0,0,0,20
245620,Tropico 5,Haemimont Games,"1,000,000 .. 2,000,000",1999,1999,0,97
529340,Victoria 3,Paradox Development Studio,"1,000,000 .. 2,000,000",4999,4999,0,4609
657200,Hand Simulator,HFM Games,"1,000,000 .. 2,000,000",299,299,0,20
209160,Call of Duty: Ghosts,Infinity Ward,"1,000,000 .. 2,000,000",5999,5999,0,106
6850,Hitman 2: Silent Assassin,Io-Interactive A/S,"1,000,000 .. 2,000,000",89,899,90,19
1388770,Cruelty Squad,Consumer Softproducts,"1,000,000 .. 2,000,000",1999,1999,0,50
603850,Age of History II,Łukasz Jakowski,"1,000,000 .. 2,000,000",349,499,30,513
32430,STAR WARS - The Force Unleashed Ultimate Sith Edition,LucasArts,"1,000,000 .. 2,000,000",1999,1999,0,197
253900,Knights and Merchants,Topware Interactive,"1,000,000 .. 2,000,000",999,999,0,47
1113000,Persona 4 Golden,ATLUS,"1,000,000 .. 2,000,000",1999,1999,0,962
1016920,Unrailed!,Indoor Astronaut,"1,000,000 .. 2,000,000",1999,1999,0,182
955050,Bright Memory,FYQD-Studio,"1,000,000 .. 2,000,000",799,799,0,5
1929610,Demonologist,Clock Wizard Games,"1,000,000 .. 2,000,000",1999,1999,0,266
1850570,DEATH STRANDING DIRECTOR'S CUT,KOJIMA PRODUCTIONS,"1,000,000 .. 2,000,000",3999,3999,0,1604
2096610,Crysis 3 Remastered,"Crytek, Saber Interactive","1,000,000 .. 2,000,000",2999,2999,0,59
446800,Transport Fever,Urban Games,"1,000,000 .. 2,000,000",2999,2999,0,91
250400,How to Survive,Eko Software,"1,000,000 .. 2,000,000",1499,1499,0,10
209170,Call of Duty: Ghosts,Infinity Ward,"1,000,000 .. 2,000,000",5999,5999,0,32
1211020,Wobbly Life,RubberBandGames,"1,000,000 .. 2,000,000",2499,2499,0,625
1296830,暖雪 Warm Snow,BadMudStudio,"1,000,000 .. 2,000,000",1799,1799,0,516
410320,EARTH DEFENSE FORCE 4.1 The Shadow of New Despair,SANDLOT,"1,000,000 .. 2,000,000",1999,1999,0,71
261110,Killer is Dead - Nightmare Edition,KADOKAWA GAMES / GRASSHOPPER MANUFACTURE,"1,000,000 .. 2,000,000",199,1999,90,9
208580,STAR WARS Knights of the Old Republic II - The Sith Lords,"Obsidian Entertainment, Aspyr (Mac, Linux, & Windows Update)","1,000,000 .. 2,000,000",999,999,0,551
775500,SCARLET NEXUS,BANDAI NAMCO Studios Inc.,"1,000,000 .. 2,000,000",5999,5999,0,58
447820,Day of Infamy,New World Interactive,"1,000,000 .. 2,000,000",1499,1499,0,17
1599600,PlateUp!,It's happening,"1,000,000 .. 2,000,000",1999,1999,0,832
475550,Beholder,Alawar Stargaze (Warm Lamp Games),"1,000,000 .. 2,000,000",167,1399,88,138
257510,The Talos Principle,Croteam,"1,000,000 .. 2,000,000",2999,2999,0,117
474960,Quantum Break,Remedy Entertainment,"1,000,000 .. 2,000,000",3999,3999,0,46
237110,Mortal Kombat Komplete Edition,"NetherRealm Studios, High Voltage Software","1,000,000 .. 2,000,000",0,0,0,37
444640,Bloons TD Battles,Ninja Kiwi,"1,000,000 .. 2,000,000",0,0,0,215
843380,Super Animal Royale,Pixile,"1,000,000 .. 2,000,000",0,0,0,364
560130,Pillars of Eternity II: Deadfire,Obsidian Entertainment,"1,000,000 .. 2,000,000",3999,3999,0,233
4760,Rome: Total War - Collection,CREATIVE ASSEMBLY,"1,000,000 .. 2,000,000",0,0,0,552
568220,Lobotomy Corporation | Monster Management Simulation,ProjectMoon,"1,000,000 .. 2,000,000",2499,2499,0,1524
202750,Alan Wake's American Nightmare,Remedy Entertainment,"1,000,000 .. 2,000,000",899,899,0,21
257350,Baldur's Gate II: Enhanced Edition,Beamdog,"1,000,000 .. 2,000,000",1999,1999,0,279
1676130,Deadlink,Gruby Entertainment,"1,000,000 .. 2,000,000",2499,2499,0,11
34870,Sniper: Ghost Warrior 2,City Interactive,"1,000,000 .. 2,000,000",999,999,0,25
224540,Ace of Spades: Battle Builder,Jagex Limited,"1,000,000 .. 2,000,000",0,0,0,0
816020,JUMP FORCE,"Spike Chunsoft Co., Ltd.","1,000,000 .. 2,000,000",0,0,0,12
699130,World War Z,Saber Interactive Inc,"1,000,000 .. 2,000,000",2999,2999,0,1663
681660,Bless Online,NEOWIZ BLESS STUDIO,"1,000,000 .. 2,000,000",0,0,0,0
462780,Darksiders Warmastered Edition,"KAIKO, Vigil Games","1,000,000 .. 2,000,000",1999,1999,0,87
34460,Civilization IV: Beyond the Sword,Firaxis Games,"1,000,000 .. 2,000,000",999,999,0,5
448510,Overcooked,Ghost Town Games Ltd.,"1,000,000 .. 2,000,000",1699,1699,0,61
1129580,Medieval Dynasty,Render Cube,"1,000,000 .. 2,000,000",3499,3499,0,1366
1307550,Craftopia,Pocketpair,"1,000,000 .. 2,000,000",2499,2499,0,119
460920,Steep,"Ubisoft Annecy, Ubisoft Montpellier, Ubisoft Kiev","1,000,000 .. 2,000,000",449,2999,85,128
55110,Red Faction: Armageddon,Volition,"1,000,000 .. 2,000,000",199,1999,90,6
278080,DYNASTY WARRIORS 8: Xtreme Legends Complete Edition,"KOEI TECMO GAMES CO., LTD.","1,000,000 .. 2,000,000",4999,4999,0,242
996580,Spyro Reignited Trilogy,"Toys for Bob, Iron Galaxy Studios","1,000,000 .. 2,000,000",1399,3999,65,351
231060,Ragnarok Online 2,"Gravity, Inc.","1,000,000 .. 2,000,000",0,0,0,5
108800,Crysis 2 - Maximum Edition,Crytek Studios,"1,000,000 .. 2,000,000",2999,2999,0,27
1094520,Sands of Salzaar,汉家松鼠Han-Squirrel Studio,"1,000,000 .. 2,000,000",599,1499,60,90
673950,Farm Together,Milkstone Studios,"1,000,000 .. 2,000,000",1999,1999,0,311
747660,Five Nights at Freddy's: Security Breach,Steel Wool Studios,"1,000,000 .. 2,000,000",3999,3999,0,196
6910,Deus Ex: Game of the Year Edition,Ion Storm,"1,000,000 .. 2,000,000",699,699,0,48
239350,Spelunky,Mossmouth,"1,000,000 .. 2,000,000",1499,1499,0,60
360430,Mafia III: Definitive Edition,"Hangar 13, Aspyr (Mac)","1,000,000 .. 2,000,000",2999,2999,0,869
215280,Secret World Legends,Funcom,"1,000,000 .. 2,000,000",0,0,0,34
1030840,Mafia: Definitive Edition,Hangar 13,"1,000,000 .. 2,000,000",3999,3999,0,686
673130,AMID EVIL,Indefatigable,"1,000,000 .. 2,000,000",459,1999,77,9
377300,Thunder Tier One,"KRAFTON, Inc.","1,000,000 .. 2,000,000",0,0,0,102
323850,Move or Die,"Xelu, Those Awesome Guys","1,000,000 .. 2,000,000",1499,1499,0,21
2552430,KINGDOM HEARTS -HD 1.5+2.5 ReMIX-,Square Enix,"1,000,000 .. 2,000,000",4999,4999,0,886
823500,BONEWORKS,Stress Level Zero,"1,000,000 .. 2,000,000",2999,2999,0,38
841370,NBA 2K19,Visual Concepts,"1,000,000 .. 2,000,000",0,0,0,129
204340,Serious Sam II,Croteam,"1,000,000 .. 2,000,000",999,999,0,61
794260,Outward Definitive Edition,Nine Dots Studio,"1,000,000 .. 2,000,000",599,3999,85,469
299460,Woodle Tree Adventures,Fabio Ferrara,"1,000,000 .. 2,000,000",399,399,0,3
2680010,The First Berserker: Khazan,Neople,"1,000,000 .. 2,000,000",5999,5999,0,1253
1755910,Capcom Arcade 2nd Stadium,"CAPCOM Co., Ltd.","1,000,000 .. 2,000,000",1979,5999,67,42
1266680,Strobophagia | Rave Horror,Green Tile Digital,"1,000,000 .. 2,000,000",1999,1999,0,0
265550,Dead Rising 3 Apocalypse Edition,Capcom Game Studio Vancouver,"1,000,000 .. 2,000,000",2999,2999,0,136
246900,Viscera Cleanup Detail,RuneStorm,"1,000,000 .. 2,000,000",1299,1299,0,140
253960,Jack Orlando: Director's Cut,Toontraxx Studios,"1,000,000 .. 2,000,000",699,699,0,33
450390,The Lab,Valve,"1,000,000 .. 2,000,000",0,0,0,18
920210,LEGO Star Wars: The Skywalker Saga,TT Games,"1,000,000 .. 2,000,000",4999,4999,0,719
17480,Command & Conquer: Red Alert 3,EA Los Angeles,"1,000,000 .. 2,000,000",1988,1988,0,362
249130,LEGO Marvel Super Heroes,Traveller's Tales,"1,000,000 .. 2,000,000",1999,1999,0,298
1017180,The Long Drive,Genesz,"1,000,000 .. 2,000,000",1599,1599,0,377
26800,Braid,Number None,"1,000,000 .. 2,000,000",1499,1499,0,5
1515210,The Past Within,Rusty Lake,"1,000,000 .. 2,000,000",599,599,0,51
1147550,Not For Broadcast,NotGames,"1,000,000 .. 2,000,000",2499,2499,0,33
640590,The LEGO NINJAGO Movie Video Game,"Traveller's Tales, TT Games","1,000,000 .. 2,000,000",1999,1999,0,28
434650,Lost Castle / 失落城堡,Hunter Studio,"1,000,000 .. 2,000,000",399,999,60,114
1774580,STAR WARS Jedi: Survivor,Respawn,"1,000,000 .. 2,000,000",6999,6999,0,2353
431730,Aseprite,Igara Studio,"1,000,000 .. 2,000,000",1999,1999,0,4541
780310,The Riftbreaker,EXOR Studios,"1,000,000 .. 2,000,000",2999,2999,0,231
261030,The Walking Dead: Season Two,Telltale Games,"1,000,000 .. 2,000,000",1499,1499,0,199
226840,Age of Wonders III,Triumph Studios,"1,000,000 .. 2,000,000",2999,2999,0,163
374040,Portal Knights,Keen Games GmbH,"1,000,000 .. 2,000,000",1999,1999,0,76
1328670,Mass Effect Legendary Edition,BioWare,"1,000,000 .. 2,000,000",5999,5999,0,2420
1044720,Farthest Frontier,Crate Entertainment,"1,000,000 .. 2,000,000",3499,3499,0,995
668580,Atomic Heart,Mundfish,"1,000,000 .. 2,000,000",5999,5999,0,466
544750,SOULCALIBUR VI,"BANDAI NAMCO Studios Inc., Dimps Corporation","1,000,000 .. 2,000,000",5999,5999,0,119
972660,Spiritfarer: Farewell Edition,Thunder Lotus,"1,000,000 .. 2,000,000",2999,2999,0,702
1150690,OMORI,"OMOCAT, LLC","1,000,000 .. 2,000,000",1999,1999,0,506
